cidadeMae,cidadeBebe,idNascimento,idadeMae,dataNascimento,sexoBebe,estadoMae,estadoBebe
CACHOEIRA DO SUL,CACHOEIRA DO SUL,1,33,2016-01-01,2,RS,RS
IPAMERI,IPAMERI,2,25,2016-01-01,1,GO,GO
COLINAS DO TOCANTINS,ARAGUAINA,3,19,2016-01-02,1,TO,TO
SANHARO,SANHARO,4,29,2016-01-02,1,PE,PE
MANAUS,MANAUS,5,25,2016-01-03,2,AM,AM
UBERLANDIA,UBERLANDIA,6,17,2016-01-03,2,,MG
RIO DE JANEIRO,RIO DE JANEIRO,7,21,2016-01-03,1,RJ,RJ
PALHOCA,FLORIANOPOLIS,8,17,2016-01-05,1,SC,SC
ITABUNA,ITABUNA,9,,2016-01-06,2,BA,BA
ARAPIRACA,ARAPIRACA,10,19,2016-01-07,2,AL,AL
DONA FRANCISCA,,11,34,2016-01-08,2,RS,RS
NILOPOLIS,NILOPOLIS,12,28,2016-01-10,2,RJ,RJ
BELEM,BELEM,13,25,2016-01-11,1,PA,PA
SAO LUIS,SAO LUIS,14,20,,1,MA,MA
NOVA FRIBURGO,NOVA FRIBURGO,15,18,2016-01-11,2,RJ,RJ
NOVA IGUACU,SAO JOAO DE MERITI,16,20,2016-01-11,1,RJ,RJ
VICOSA,VICOSA,17,31,2016-01-12,1,MG,MG
BRUSQUE,BLUMENAU,18,35,2016-01-12,1,SC,SC
GOIANESIA,GOIANESIA,19,24,2016-01-12,2,GO,GO
MARABA,MARABA,20,38,2016-01-13,2,PA,PA
IMPERATRIZ,IMPERATRIZ,21,30,,1,MA,MA
NATAL,,22,30,2016-01-14,1,RN,RN
IMPERATRIZ,IMPERATRIZ,23,25,2016-01-15,1,MA,MA
RIO DE JANEIRO,RIO DE JANEIRO,24,24,2016-01-15,2,RJ,RJ
,FORTALEZA,25,37,2016-01-16,1,CE,CE
TEUTONIA,TEUTONIA,26,36,2016-01-16,1,RS,RS
TUCUMA,TUCUMA,27,15,2016-01-18,2,PA,PA
CONTAGEM,BELO HORIZONTE,28,34,,2,MG,MG
CAMBORIU,BALNEARIO CAMBORIU,29,18,2016-01-18,2,SC,SC
,IGUATEMI,30,19,2016-01-18,2,,MS
DOURADOS,DOURADOS,31,23,2016-01-20,1,MS,MS
MANAUS,MANAUS,32,18,2016-01-21,1,AM,AM
GUARATINGA,GUARATINGA,33,24,2016-01-21,1,BA,BA
RIO DE JANEIRO,NITEROI,34,30,2016-01-21,1,RJ,RJ
SANTA VITORIA DO PALMAR,SANTA VITORIA DO PALMAR,35,17,2016-01-21,1,RS,RS
CATALAO,CATALAO,36,28,2016-01-21,1,GO,GO
APARECIDA DE GOIANIA,GOIANIA,37,38,2016-01-21,2,GO,GO
SANTAREM,SANTAREM,38,34,2016-01-22,1,PA,PA
JOAO PESSOA,JOAO PESSOA,39,16,2016-01-22,2,PB,PB
,LINHARES,40,26,2016-01-22,,ES,ES
BARRA DO BUGRES,BARRA DO BUGRES,41,19,2016-01-22,1,MT,MT
JOSELANDIA,PEDREIRAS,42,18,2016-01-23,1,MA,MA
RIO DE JANEIRO,RIO DE JANEIRO,43,39,2016-01-23,2,RJ,RJ
PAICANDU,,44,27,2016-01-24,1,PR,PR
,BOA VISTA,45,,2016-01-25,2,RR,RR
COIMBRA,VICOSA,46,30,2016-01-25,2,MG,MG
MANAUS,MANAUS,47,36,2016-01-27,2,AM,AM
RECIFE,RECIFE,48,17,2016-01-28,,,PE
ALAGOINHAS,ALAGOINHAS,49,20,2016-01-28,2,BA,BA
RIO DE JANEIRO,RIO DE JANEIRO,50,25,2016-01-28,1,RJ,RJ
CARLOPOLIS,SANTO ANTONIO DA PLATINA,51,17,2016-01-28,1,PR,PR
BARROQUINHA,CAMOCIM,52,23,2016-01-29,1,CE,CE
CAUCAIA,FORTALEZA,53,26,2016-01-29,1,CE,CE
CAMPO BELO,CAMPO BELO,54,33,2016-01-29,2,MG,MG
,,55,23,2016-01-31,2,CE,CE
CURITIBA,CURITIBA,56,16,2016-01-31,1,PR,PR
MANCIO LIMA,MANCIO LIMA,57,17,2016-02-01,1,AC,AC
CAMPO GRANDE,CAMPO GRANDE,58,31,2016-02-01,2,MS,MS
CAUCAIA,FORTALEZA,59,37,2016-02-02,1,CE,CE
,DIVINOPOLIS,60,18,2016-02-02,1,,MG
NOVA VENECIA,NOVA VENECIA,61,29,2016-02-02,2,ES,ES
SAO GABRIEL,SAO GABRIEL,62,24,2016-02-02,1,RS,RS
TEIXEIRA DE FREITAS,VILA VELHA,63,32,2016-02-03,1,BA,ES
RIO DE JANEIRO,RIO DE JANEIRO,64,18,2016-02-03,2,RJ,RJ
VITORIA,VITORIA,65,33,2016-02-04,1,ES,ES
PEIXOTO DE AZEVEDO,PEIXOTO DE AZEVEDO,66,33,2016-02-04,1,MT,MT
CRICIUMA,CRICIUMA,67,37,2016-02-05,1,SC,SC
ALEGRETE,ALEGRETE,68,20,2016-02-05,2,RS,RS
QUIXERAMOBIM,QUIXERAMOBIM,69,21,2016-02-06,1,CE,CE
RIO DE JANEIRO,RIO DE JANEIRO,70,20,2016-02-06,1,RJ,RJ
CERRO GRANDE,RODEIO BONITO,71,35,2016-02-09,2,RS,RS
CAMETA,CAMETA,72,,2016-02-10,,,PA
IBITITA,IRECE,73,29,2016-02-10,1,BA,BA
PARACATU,PARACATU,74,20,2016-02-10,2,MG,MG
BELO HORIZONTE,BELO HORIZONTE,75,27,2016-02-11,1,MG,MG
RIO DE JANEIRO,RIO DE JANEIRO,76,22,2016-02-11,1,RJ,RJ
SAO GONCALO DO AMARANTE,,77,32,,2,RN,RN
CAMARAGIBE,RECIFE,78,30,2016-02-12,2,,
BELO HORIZONTE,BELO HORIZONTE,79,40,2016-02-12,2,MG,MG
,RIO DE JANEIRO,80,30,2016-02-12,,RJ,RJ
PONTA GROSSA,PONTA GROSSA,81,36,2016-02-12,2,PR,PR
MARITUBA,BELEM,82,16,2016-02-13,1,PA,PA
CAMETA,CAMETA,83,23,2016-02-13,2,PA,PA
SANTANA DO ARAGUAIA,SANTANA DO ARAGUAIA,84,17,,2,,PA
,CURITIBA,85,29,2016-02-13,2,PR,PR
NOVA IGUACU,NOVA IGUACU,86,22,2016-02-14,1,RJ,RJ
MONTES CLAROS,MONTES CLAROS,87,37,2016-02-15,1,MG,MG
CABO FRIO,CABO FRIO,88,30,2016-02-15,2,RJ,RJ
CURITIBA,CURITIBA,89,30,2016-02-15,2,PR,PR
PORTO UNIAO,PORTO UNIAO,90,16,2016-02-15,2,SC,SC
CUIABA,CUIABA,91,26,,1,MT,
OLINDA,OLINDA,92,33,2016-02-16,1,PE,PE
CHARQUEADAS,SAO JERONIMO,93,20,2016-02-16,2,RS,RS
RECIFE,RECIFE,94,39,2016-02-17,2,PE,PE
SANTA CRUZ,NATAL,95,27,2016-02-18,2,RN,RN
ARARIPINA,ARARIPINA,96,30,2016-02-18,,,PE
IBIRACU,JOAO NEIVA,97,26,2016-02-18,1,ES,ES
RIO DE JANEIRO,RIO DE JANEIRO,98,42,2016-02-18,2,RJ,RJ
SAO JOAO DE MERITI,,99,,2016-02-18,2,RJ,RJ
,BELEM,100,26,2016-02-19,2,PA,PA
JABOATAO DOS GUARARAPES,RECIFE,101,20,2016-02-20,2,PE,PE
JANAUBA,JANAUBA,102,13,2016-02-20,2,,MG
SAPIRANGA,SAPIRANGA,103,22,2016-02-21,2,RS,RS
PORTO VELHO,PORTO VELHO,104,35,2016-02-22,,RO,
TERESINA,TERESINA,105,29,2016-02-22,1,PI,PI
VITORIA DA CONQUISTA,VITORIA DA CONQUISTA,106,27,2016-02-22,1,BA,BA
SERRA,SERRA,107,16,2016-02-22,2,ES,ES
PAICANDU,MARINGA,108,28,2016-02-22,1,PR,PR
CATOLE DO ROCHA,CATOLE DO ROCHA,109,27,2016-02-23,2,PB,PB
,,110,25,2016-02-23,2,PE,PE
SAO GONCALO,SAO GONCALO,111,25,2016-02-23,2,RJ,RJ
CURITIBA,CURITIBA,112,36,2016-02-23,1,PR,PR
GASPAR,BLUMENAU,113,31,2016-02-23,2,SC,SC
FORTALEZA,FORTALEZA,114,27,2016-02-25,2,,CE
VESPASIANO,BELO HORIZONTE,115,40,2016-02-25,1,MG,MG
SAO LUIS,SAO LUIS,116,22,2016-02-26,1,MA,MA
GARANHUNS,RECIFE,117,18,2016-02-26,1,PE,PE
XAXIM,XANXERE,118,34,2016-02-26,1,SC,SC
ROLANDIA,LONDRINA,119,35,,1,PR,PR
PORTO ALEGRE,PORTO ALEGRE,120,40,2016-02-27,1,RS,RS
ITUIUTABA,,121,27,2016-02-29,1,MG,MG
RIO DE JANEIRO,RIO DE JANEIRO,122,26,2016-02-29,1,RJ,RJ
SAO GONCALO,SAO GONCALO,123,29,2016-02-29,1,RJ,RJ
JOINVILLE,JOINVILLE,124,34,2016-03-01,2,SC,SC
,MATOES,125,19,2016-03-03,1,MA,MA
MONTEIRO,CAMPINA GRANDE,126,,,1,,PB
JARAGUA DO SUL,JARAGUA DO SUL,127,38,2016-03-03,2,SC,SC
ANANINDEUA,BELEM,128,33,2016-03-04,2,PA,PA
SAO MIGUEL DO GUAMA,CASTANHAL,129,17,2016-03-06,2,PA,PA
,PORTO ALEGRE,130,18,2016-03-06,2,RS,
PORTO VELHO,RIO BRANCO,131,17,2016-03-07,1,RO,AC
MARAGOGIPE,,132,39,2016-03-07,2,,BA
RIO PARDO DE MINAS,RIO PARDO DE MINAS,133,27,,2,MG,MG
CRUZ,SOBRAL,134,33,2016-03-08,1,CE,CE
NITEROI,NITEROI,135,28,2016-03-08,2,RJ,RJ
PARANATAMA,GARANHUNS,136,31,2016-03-09,2,PE,PE
CACOAL,CACOAL,137,30,2016-03-10,1,RO,RO
FORTALEZA,FORTALEZA,138,28,2016-03-10,2,CE,CE
NOSSA SENHORA DO SOCORRO,ARACAJU,139,18,2016-03-10,1,SE,SE
BRASILIA,BRASILIA,140,32,2016-03-12,2,DF,DF
BURITI,BURITI,141,31,2016-03-13,2,MA,MA
NATAL,NATAL,142,18,2016-03-14,2,RN,RN
PATO BRANCO,PATO BRANCO,143,28,2016-03-14,1,PR,PR
CRATO,CRATO,144,,2016-03-15,,,CE
NOVO REPARTIMENTO,NOVO REPARTIMENTO,145,19,2016-03-16,1,PA,PA
COREAU,SOBRAL,146,30,2016-03-16,1,CE,CE
CORDEIRO,SANTA MARIA MADALENA,147,39,,1,RJ,RJ
ITACOATIARA,ITACOATIARA,148,20,2016-03-17,1,AM,AM
LADAINHA,LADAINHA,149,35,2016-03-17,1,MG,MG
SAO JOAO DE MERITI,RIO DE JANEIRO,150,32,2016-03-17,1,RJ,RJ
GOIANIA,GOIANIA,151,29,2016-03-17,1,GO,GO
SANTA LUZIA,BELO HORIZONTE,152,37,2016-03-18,1,MG,MG
SAO MIGUEL DO IGUACU,FOZ DO IGUACU,153,18,2016-03-18,2,PR,PR
BELO HORIZONTE,,154,27,,2,MG,MG
,PORTO ALEGRE,155,34,2016-03-19,2,RS,RS
MANAUS,MANAUS,156,22,2016-03-20,1,AM,AM
MANAUS,MANAUS,157,19,2016-03-20,1,AM,AM
RIBEIRAO DAS NEVES,BELO HORIZONTE,158,26,2016-03-20,1,MG,MG
MACHADINHO D'OESTE,ARIQUEMES,159,16,2016-03-21,1,RO,RO
,XIQUE-XIQUE,160,25,2016-03-21,,BA,BA
CURITIBA,CURITIBA,161,22,2016-03-21,1,PR,PR
CAUCAIA,FORTALEZA,162,,2016-03-23,1,,CE
VITORIA DE SANTO ANTAO,VITORIA DE SANTO ANTAO,163,21,2016-03-23,1,PE,PE
MACAE,MACAE,164,32,2016-03-23,2,RJ,RJ
NOVO HAMBURGO,NOVO HAMBURGO,165,22,2016-03-23,1,RS,RS
ITACOATIARA,ITACOATIARA,166,34,2016-03-24,1,AM,AM
CRUZILIA,CRUZILIA,167,34,2016-03-24,1,MG,MG
PARANAVAI,PARANAVAI,168,22,,,,PR
CACHOEIRINHA,CACHOEIRINHA,169,22,2016-03-24,1,RS,RS
,BELO HORIZONTE,170,18,2016-03-25,1,MG,MG
POMPEU,POMPEU,171,,2016-03-25,1,MG,MG
BLUMENAU,BLUMENAU,172,34,2016-03-25,2,SC,SC
RIO GRANDE,RIO GRANDE,173,29,2016-03-25,1,RS,RS
SAO JOSE DOS PINHAIS,SAO JOSE DOS PINHAIS,174,32,2016-03-26,2,PR,PR
MANAUS,MANAUS,175,37,2016-03-27,1,AM,AM
MARIALVA,,176,33,2016-03-27,,PR,PR
BELA CRUZ,ACARAU,177,16,2016-03-28,2,CE,CE
MARINGA,MARINGA,178,17,2016-03-28,1,PR,PR
PESQUEIRA,PESQUEIRA,179,18,2016-03-29,2,PE,PE
,DIAS D'AVILA,180,,2016-03-29,2,,BA
CABO DE SANTO AGOSTINHO,PALMARES,181,35,2016-03-30,1,PE,PE
VARJOTA,IPU,182,25,2016-03-31,1,CE,CE
FORMOSA DO RIO PRETO,FORMOSA DO RIO PRETO,183,27,2016-03-31,1,BA,BA
BITURUNA,BITURUNA,184,16,2016-03-31,1,PR,PR
,LAGES,185,30,2016-03-31,1,SC,SC
CRICIUMA,CRICIUMA,186,31,2016-04-01,2,,SC
RIO DE JANEIRO,NITEROI,187,41,2016-04-02,2,RJ,RJ
LIMOEIRO DO AJURU,LIMOEIRO DO AJURU,188,25,2016-04-03,1,PA,PA
JUAZEIRO,PETROLINA,189,16,2016-04-04,1,BA,PE
PRATA,PRATA,190,16,2016-04-04,1,MG,MG
PETROPOLIS,PETROPOLIS,191,27,2016-04-04,1,RJ,RJ
JOINVILLE,JOINVILLE,192,20,2016-04-04,,,SC
MANAUS,MANAUS,193,19,2016-04-05,1,AM,AM
IBIRAPITANGA,ITABUNA,194,19,2016-04-05,1,BA,BA
,RECIFE,195,18,2016-04-06,2,PE,
CARUARU,CARUARU,196,31,2016-04-07,2,PE,PE
BARRA DO GARCAS,BARRA DO GARCAS,197,13,2016-04-07,1,MT,MT
GUARATUBA,GUARATUBA,198,16,2016-04-08,1,PR,PR
CASTRO,PONTA GROSSA,199,18,2016-04-08,2,PR,PR
,NOVA IGUACU,200,24,2016-04-09,,RJ,RJ
ALCANTIL,CAMPINA GRANDE,201,28,2016-04-10,1,PB,PB
ARARIPINA,ARARIPINA,202,18,2016-04-10,2,PE,PE
TAPAUA,TAPAUA,203,26,2016-04-12,1,AM,AM
DOURADOS,DOURADOS,204,23,2016-04-12,2,,MS
PACATUBA,FORTALEZA,205,23,2016-04-13,1,CE,CE
BONITO,MORRO DO CHAPEU,206,36,2016-04-13,2,BA,BA
MANAUS,MANAUS,207,,2016-04-14,2,AM,AM
MAURILANDIA DO TOCANTINS,AUGUSTINOPOLIS,208,21,2016-04-14,,TO,
FORTALEZA,,209,19,2016-04-14,1,CE,CE
FORTALEZA,FORTALEZA,210,28,2016-04-14,2,CE,CE
CARATINGA,CARATINGA,211,28,2016-04-14,2,MG,MG
MESQUITA,NILOPOLIS,212,20,2016-04-14,1,RJ,RJ
MARIOPOLIS,PATO BRANCO,213,32,2016-04-15,1,PR,PR
CACHOEIRO DE ITAPEMIRIM,CACHOEIRO DE ITAPEMIRIM,214,26,2016-04-16,2,ES,ES
MANAUS,MANAUS,215,16,2016-04-18,2,AM,AM
FORTALEZA,FORTALEZA,216,,2016-04-18,,,CE
ITABERABA,ITABERABA,217,22,2016-04-18,1,BA,BA
CONFRESA,CONFRESA,218,23,2016-04-18,2,MT,MT
SAO VICENTE FERRER,SAO BENTO,219,22,2016-04-19,1,MA,MA
PIRIPIRI,PIRIPIRI,220,26,2016-04-19,2,PI,PI
BURITI DO TOCANTINS,IMPERATRIZ,221,16,2016-04-20,2,TO,MA
CAPITAO POCO,AURORA DO PARA,222,28,2016-04-21,1,,PA
SAO JOSE DE RIBAMAR,SAO LUIS,223,13,2016-04-21,2,MA,MA
REDENCAO,REDENCAO,224,27,,,PA,PA
,MARABA,225,,2016-04-23,1,PA,PA
ARAUCARIA,ARAUCARIA,226,29,2016-04-23,2,PR,PR
CACHOEIRA DO PIRIA,CAPANEMA,227,18,2016-04-24,2,PA,PA
SORRISO,SORRISO,228,28,2016-04-25,2,,MT
FORMOSA,FORMOSA,229,32,2016-04-25,2,GO,GO
SANTA HELENA DE GOIAS,SANTA HELENA DE GOIAS,230,24,2016-04-25,2,GO,GO
SAO GONCALO,SAO GONCALO,231,18,2016-04-27,1,RJ,RJ
SAO GONCALO DO AMARANTE,SAO GONCALO DO AMARANTE,232,14,2016-04-28,1,RN,RN
ATALAIA,ATALAIA,233,34,2016-04-28,1,AL,AL
MIGUEL PEREIRA,MIGUEL PEREIRA,234,,2016-04-28,1,,
,PRESIDENTE PRUDENTE,235,29,2016-04-28,2,MS,SP
PALMITOS,PALMITOS,236,31,2016-04-28,2,SC,SC
JUIZ DE FORA,JUIZ DE FORA,237,21,2016-04-29,2,MG,MG
GUARATUBA,GUARATUBA,238,21,,2,PR,PR
TAQUARI,ESTRELA,239,35,2016-04-29,2,RS,RS
CAMPO GRANDE,CAMPO GRANDE,240,28,2016-04-29,1,MS,MS
VARGEM GRANDE,VARGEM GRANDE,241,21,2016-05-01,2,MA,MA
MAREMA,XANXERE,242,31,2016-05-01,1,SC,SC
DUAS BARRAS,CANTAGALO,243,,2016-05-02,1,RJ,RJ
RIO DE JANEIRO,RIO DE JANEIRO,244,30,2016-05-03,1,RJ,RJ
,PORTO ALEGRE,245,34,,2,RS,RS
CUIABA,CUIABA,246,21,2016-05-03,2,,MT
VARZEA GRANDE,CUIABA,247,25,2016-05-03,2,MT,
TOLEDO,TOLEDO,248,25,2016-05-04,,PR,PR
BOCAIUVA,BOCAIUVA,249,26,2016-05-05,1,MG,MG
,ABREU E LIMA,250,39,2016-05-06,1,PE,PE
RIO DE JANEIRO,RIO DE JANEIRO,251,24,2016-05-06,1,RJ,RJ
MARECHAL CANDIDO RONDON,TOLEDO,252,,,1,,PR
SALVADOR,SALVADOR,253,37,2016-05-07,1,BA,BA
SAO PAULO DE OLIVENCA,SAO PAULO DE OLIVENCA,254,25,2016-05-08,1,AM,AM
VOLTA REDONDA,VOLTA REDONDA,255,27,2016-05-08,1,RJ,RJ
JOAO PESSOA,JOAO PESSOA,256,28,2016-05-09,1,PB,PB
GOVERNADOR VALADARES,GOVERNADOR VALADARES,257,24,2016-05-09,1,MG,MG
RIO DE JANEIRO,RIO DE JANEIRO,258,22,2016-05-09,2,RJ,RJ
CURITIBA,CURITIBA,259,26,2016-05-09,2,PR,PR
CAMPO GRANDE,CAMPO GRANDE,260,34,2016-05-09,1,MS,MS
IPATINGA,TIMOTEO,261,32,2016-05-10,2,MG,MG
PORTO GRANDE,MACAPA,262,23,2016-05-11,2,AP,AP
TERESINA,TERESINA,263,45,2016-05-11,1,PI,PI
TUCANO,,264,29,2016-05-12,,,BA
JAPERI,NOVA IGUACU,265,24,2016-05-12,1,RJ,RJ
SAO LOURENCO DO SUL,SAO LOURENCO DO SUL,266,28,,2,RS,RS
CAMPO GRANDE,CAMPO GRANDE,267,23,2016-05-12,1,MS,MS
BRASILIA,BRASILIA,268,29,2016-05-12,1,DF,DF
CARAUARI,CARAUARI,269,21,2016-05-14,2,AM,AM
,SANTA MARIA,270,,2016-05-14,1,,RS
MADRE DE DEUS,MADRE DE DEUS,271,15,2016-05-15,2,BA,BA
JUIZ DE FORA,JUIZ DE FORA,272,24,2016-05-15,2,MG,MG
NISIA FLORESTA,SAO JOSE DE MIPIBU,273,20,2016-05-16,1,RN,RN
PORTO ALEGRE,PORTO ALEGRE,274,19,2016-05-16,1,RS,RS
GRAVATAI,GRAVATAI,275,35,2016-05-18,2,RS,RS
MANAIRA,CAMPINA GRANDE,276,32,2016-05-19,1,PB,PB
DONA INES,GUARABIRA,277,20,2016-05-19,2,PB,PB
PLACAS,PLACAS,278,20,2016-05-20,2,PA,PA
CAUCAIA,FORTALEZA,279,,2016-05-20,1,CE,CE
,FOZ DO IGUACU,280,25,,,PR,PR
MANAUS,MANAUS,281,20,2016-05-22,2,AM,AM
ARAUCARIA,ARAUCARIA,282,32,2016-05-22,1,PR,PR
CANOAS,PORTO ALEGRE,283,30,2016-05-22,2,RS,RS
SAO LUIS,SAO LUIS,284,32,2016-05-23,2,MA,MA
RECIFE,RECIFE,285,16,2016-05-24,2,PE,PE
CAJAPIO,CAJAPIO,286,15,2016-05-25,1,MA,MA
TRINDADE,OURICURI,287,17,2016-05-25,1,PE,PE
COLATINA,COLATINA,288,37,2016-05-25,2,ES,ES
MANAUS,MANAUS,289,22,2016-05-27,2,AM,AM
,RECIFE,290,24,2016-05-27,1,PE,PE
CONCEICAO,PATOS,291,19,2016-05-28,1,PB,PB
DOURADOS,DOURADOS,292,33,2016-05-28,2,MS,MS
DUQUE DE CAXIAS,RIO DE JANEIRO,293,22,2016-05-29,1,RJ,RJ
SALVADOR,SALVADOR,294,35,2016-05-30,1,BA,BA
JOAQUIM NABUCO,RECIFE,295,18,2016-05-31,2,PE,PE
TEOFILANDIA,TEOFILANDIA,296,25,2016-06-01,2,BA,BA
SANTA ROSA,SANTA ROSA,297,30,2016-06-01,1,RS,RS
BRASILIA,BRASILIA,298,30,2016-06-01,2,DF,DF
JOSE RAYDAN,SANTA MARIA DO SUACUI,299,37,2016-06-03,2,MG,MG
NOVA IGUACU,SEROPEDICA,300,39,2016-06-03,2,RJ,RJ
NOSSA SENHORA DA GLORIA,NOSSA SENHORA DA GLORIA,301,31,2016-06-04,1,SE,SE
BARREIRAS,BARREIRAS,302,28,2016-06-04,1,BA,BA
JEQUIE,JEQUIE,303,23,2016-06-04,2,BA,BA
PARATINGA,PARATINGA,304,37,2016-06-04,,BA,BA
,PORTO ALEGRE,305,23,2016-06-04,2,RS,RS
CONCEICAO DO COITE,CONCEICAO DO COITE,306,,2016-06-05,1,,BA
CARIACICA,SERRA,307,22,2016-06-05,1,ES,ES
PELOTAS,,308,18,,2,RS,RS
BOM CONSELHO,BOM CONSELHO,309,28,2016-06-06,1,PE,PE
,SALVADOR,310,27,2016-06-06,1,BA,BA
SAO JOSE DE RIBAMAR,SAO LUIS,311,34,2016-06-07,2,MA,MA
NATAL,NATAL,312,22,2016-06-07,1,RN,RN
FARROUPILHA,FARROUPILHA,313,25,2016-06-07,2,RS,RS
VITORIA DA CONQUISTA,VITORIA DA CONQUISTA,314,38,2016-06-08,2,BA,BA
,ACARAU,315,,,2,CE,CE
MONTE ALEGRE,MONTE ALEGRE,316,29,2016-06-10,2,PA,PA
BRUMADINHO,BELO HORIZONTE,317,28,2016-06-10,1,MG,MG
CONDADO,RECIFE,318,14,2016-06-12,2,PB,PE
CORONEL FABRICIANO,,319,24,2016-06-12,1,MG,MG
RESENDE,RESENDE,320,34,2016-06-13,2,RJ,RJ
RIO DE JANEIRO,RIO DE JANEIRO,321,33,2016-06-13,2,RJ,RJ
SOUSA,SOUSA,322,35,2016-06-14,1,PB,PB
MACEIO,MACEIO,323,38,2016-06-14,1,AL,AL
PORTO ALEGRE,PORTO ALEGRE,324,,2016-06-14,2,,RS
,PORTO ALEGRE,325,31,2016-06-14,2,RS,
ARACAJU,ARACAJU,326,37,2016-06-16,1,SE,SE
MANHUACU,MANHUACU,327,24,2016-06-16,2,MG,MG
SERRA BRANCA,CAMPINA GRANDE,328,26,2016-06-17,2,PB,PB
LUCENA,JOAO PESSOA,329,25,2016-06-18,2,PB,PB
ARAGUARI,ARAGUARI,330,25,2016-06-18,1,MG,MG
ANAJAS,MACAPA,331,35,2016-06-19,1,PA,AP
IGARAPE,BETIM,332,19,2016-06-19,1,MG,MG
JOAO PESSOA,JOAO PESSOA,333,,2016-06-20,1,PB,PB
PASTOS BONS,SAO LUIS,334,20,2016-06-21,2,MA,MA
,BRASILIA,335,18,2016-06-21,1,DF,DF
JOAO PESSOA,JOAO PESSOA,336,34,2016-06-22,2,PB,PB
CASCAVEL,CASCAVEL,337,30,2016-06-22,1,PR,PR
SAO JOSE DO JACUIPE,CAPIM GROSSO,338,28,2016-06-23,1,BA,BA
SALVADOR,SALVADOR,339,38,2016-06-23,1,BA,BA
,TEOFILO OTONI,340,21,2016-06-23,1,MG,MG
QUIXADA,,341,37,2016-06-24,2,CE,CE
SANTA MARGARIDA,SANTA MARGARIDA,342,,2016-06-24,1,,MG
MACEIO,MACEIO,343,16,,2,AL,AL
FORMOSA,FORMOSA,344,27,2016-06-25,,GO,GO
,ESPERANTINA,345,18,2016-06-26,1,PI,PI
FORTALEZA,FORTALEZA,346,18,2016-06-26,2,CE,CE
SETE LAGOAS,SETE LAGOAS,347,30,2016-06-26,1,MG,MG
SANTO ANGELO,SANTO ANGELO,348,21,2016-06-26,2,RS,RS
SALVADOR,SALVADOR,349,33,2016-06-27,2,BA,BA
ANANINDEUA,ANANINDEUA,350,36,2016-06-28,2,PA,PA
CATAGUASES,CATAGUASES,351,29,2016-06-28,2,MG,MG
SAO GONCALO DO AMARANTE,,352,22,2016-06-29,,RN,RN
CRICIUMA,CRICIUMA,353,30,2016-06-30,1,SC,SC
PARANHOS,AMAMBAI,354,31,2016-06-30,2,MS,MS
BARRA MANSA,BARRA MANSA,355,25,2016-07-01,2,RJ,RJ
SAPUCAIA DO SUL,SAPUCAIA DO SUL,356,16,2016-07-01,1,RS,RS
RECIFE,RECIFE,357,22,,2,PE,PE
ITABUNA,ITABUNA,358,18,2016-07-02,2,BA,BA
CONSELHEIRO LAFAIETE,BELO HORIZONTE,359,36,2016-07-02,2,MG,MG
,SAO SEBASTIAO DO PARAISO,360,,2016-07-02,,,MG
CURITIBA,CURITIBA,361,30,2016-07-02,2,PR,PR
MANICORE,MANICORE,362,26,2016-07-03,1,AM,AM
NITEROI,,363,31,2016-07-04,1,RJ,RJ
SANTA HELENA DE GOIAS,RIO VERDE,364,28,,2,GO,
,ARRAIAL DO CABO,365,28,2016-07-05,1,RJ,RJ
BARRA VELHA,JOINVILLE,366,37,2016-07-05,2,,SC
CUIABA,CUIABA,367,28,2016-07-05,2,MT,MT
GLORIA DO GOITA,RECIFE,368,27,2016-07-06,2,PE,PE
CHA DE ALEGRIA,CARPINA,369,41,2016-07-07,1,PE,PE
,CARATINGA,370,47,2016-07-07,1,MG,MG
JABOATAO DOS GUARARAPES,JABOATAO DOS GUARARAPES,371,30,,1,PE,PE
BELA VISTA DE GOIAS,BELA VISTA DE GOIAS,372,23,2016-07-08,1,,GO
CAVALCANTE,CAMPOS BELOS,373,21,2016-07-08,1,GO,GO
ANAJAS,,374,29,2016-07-09,1,PA,PA
RECIFE,RECIFE,375,26,2016-07-09,1,PE,PE
SERTANIA,SERTANIA,376,15,2016-07-09,2,PE,PE
CONTAGEM,BELO HORIZONTE,377,33,2016-07-09,2,MG,
XAPURI,RIO BRANCO,378,30,2016-07-10,1,AC,AC
ALMIRANTE TAMANDARE,CURITIBA,379,25,2016-07-10,2,PR,PR
VIAMAO,PORTO ALEGRE,380,20,2016-07-10,1,RS,RS
VIAMAO,PORTO ALEGRE,381,27,2016-07-11,2,RS,RS
CAMPO GRANDE,CAMPO GRANDE,382,22,2016-07-12,1,MS,MS
TRES LAGOAS,TRES LAGOAS,383,26,2016-07-12,2,MS,MS
SANTA TEREZINHA DE GOIAS,SANTA TEREZINHA DE GOIAS,384,25,2016-07-13,2,GO,GO
CIDADE OCIDENTAL,BRASILIA,385,24,2016-07-13,2,GO,DF
BELEM,BELEM,386,30,2016-07-15,2,PA,PA
AQUIRAZ,AQUIRAZ,387,,2016-07-15,1,CE,CE
GRAVATAI,GRAVATAI,388,37,2016-07-15,1,RS,RS
PORTO NACIONAL,PORTO NACIONAL,389,17,2016-07-16,1,TO,TO
,TRES RIOS,390,27,2016-07-18,1,,
MARINGA,MARINGA,391,39,2016-07-18,2,PR,PR
CAMPO BOM,NOVO HAMBURGO,392,30,2016-07-18,2,RS,RS
CASTANHAL,CASTANHAL,393,20,2016-07-19,2,PA,PA
JOAO PESSOA,JOAO PESSOA,394,20,2016-07-19,2,PB,PB
,ARACI,395,36,2016-07-19,2,BA,BA
JOSELANDIA,,396,,2016-07-22,1,,MA
NOVA OLINDA DO MARANHAO,NOVA OLINDA DO MARANHAO,397,17,2016-07-23,1,MA,MA
MANAUS,MANAUS,398,27,2016-07-24,2,AM,AM
BELFORD ROXO,NOVA IGUACU,399,20,2016-07-24,1,RJ,RJ
MARABA,MARABA,400,15,2016-07-25,2,PA,PA
COSTA RICA,COSTA RICA,401,20,2016-07-25,2,MS,MS
VALPARAISO DE GOIAS,BRASILIA,402,20,2016-07-25,2,,DF
RIO DE JANEIRO,RIO DE JANEIRO,403,14,2016-07-26,1,RJ,
SANTAREM,SANTAREM,404,25,2016-07-27,2,PA,PA
,LIMOEIRO,405,,2016-07-27,1,PE,PE
SANTAREM,SANTAREM,406,29,,2,PA,PA
PAVAO,AGUAS FORMOSAS,407,21,2016-07-29,2,MG,MG
CURURUPU,CURURUPU,408,15,2016-07-30,,,MA
CARAMBEI,CASTRO,409,14,2016-07-30,2,PR,PR
,PETROLINA,410,18,2016-07-31,2,BA,PE
ARAUCARIA,ARAUCARIA,411,16,2016-07-31,1,PR,PR
MANAUS,MANAUS,412,21,2016-08-01,1,AM,AM
CAMPINA GRANDE,CAMPINA GRANDE,413,30,2016-08-01,1,PB,PB
RESENDE,RESENDE,414,28,2016-08-01,1,RJ,RJ
MANDAGUARI,MARINGA,415,30,2016-08-01,1,PR,PR
GOIANESIA,GOIANESIA,416,28,2016-08-01,,GO,
MANAUS,MANAUS,417,26,2016-08-02,2,AM,AM
GARANHUNS,,418,25,2016-08-02,1,PE,PE
UMBUZEIRO,LIMOEIRO,419,31,2016-08-03,2,PB,PE
,SERRA TALHADA,420,28,,2,,PE
JABOATAO DOS GUARARAPES,RECIFE,421,27,2016-08-04,1,PE,PE
FEIRA GRANDE,ARAPIRACA,422,22,2016-08-04,2,AL,AL
SAO PEDRO DA ALDEIA,SAO PEDRO DA ALDEIA,423,,2016-08-04,2,RJ,RJ
SANTO ANTONIO DO TAUA,MARITUBA,424,20,2016-08-05,1,PA,PA
PAICANDU,MARINGA,425,21,2016-08-05,1,PR,PR
CASSILANDIA,CASSILANDIA,426,28,2016-08-05,2,MS,MS
OURO PRETO DO OESTE,OURO PRETO DO OESTE,427,28,,2,RO,RO
MARECHAL THAUMATURGO,MARECHAL THAUMATURGO,428,28,2016-08-06,2,AC,AC
MONSENHOR PAULO,,429,31,2016-08-06,1,MG,
,ACARAU,430,20,2016-08-07,2,CE,CE
RORAINOPOLIS,RORAINOPOLIS,431,18,2016-08-08,2,RR,RR
ARAGUARI,ARAGUARI,432,,2016-08-08,,,MG
CURITIBA,CURITIBA,433,29,2016-08-08,2,PR,PR
MAGE,MAGE,434,29,2016-08-09,2,RJ,RJ
IGREJINHA,PAROBE,435,22,2016-08-09,2,RS,RS
SAO SEBASTIAO DO CAI,PORTO ALEGRE,436,31,2016-08-09,2,RS,RS
CAMPO NOVO,SANTO AUGUSTO,437,20,2016-08-09,2,RS,RS
BELEM,BELEM,438,33,2016-08-10,1,,PA
POCO BRANCO,NATAL,439,27,2016-08-13,2,RN,RN
,,440,24,2016-08-13,,AL,AL
PAULA CANDIDO,VICOSA,441,,,1,MG,MG
CRISTALINA,BRASILIA,442,24,2016-08-13,2,GO,
MARABA,MARABA,443,34,2016-08-14,1,PA,PA
AQUIRAZ,FORTALEZA,444,17,2016-08-14,2,,CE
UBERLANDIA,UBERLANDIA,445,22,2016-08-15,2,MG,MG
JUTAI,JUTAI,446,18,2016-08-16,2,AM,AM
CANDIDO SALES,CANDIDO SALES,447,29,2016-08-16,2,BA,BA
TOME-ACU,TOME-ACU,448,24,,,PA,PA
OLINDA,OLINDA,449,19,2016-08-18,2,PE,PE
,IPATINGA,450,,2016-08-18,1,,MG
VARZEA DA PALMA,VARZEA DA PALMA,451,20,2016-08-18,2,MG,MG
SAO GONCALO,NITEROI,452,37,2016-08-18,1,RJ,RJ
QUEVEDOS,SANTA MARIA,453,17,2016-08-18,1,RS,RS
ACARA,BELEM,454,19,2016-08-19,1,PA,PA
,GOIANIA,455,20,,2,GO,
CAPITAO ENEAS,MONTES CLAROS,456,26,2016-08-21,,,MG
APARECIDA DE GOIANIA,GOIANIA,457,18,2016-08-22,2,GO,GO
RIO DE JANEIRO,RIO DE JANEIRO,458,23,2016-08-23,1,RJ,RJ
SAO JOAO DE MERITI,SAO JOAO DE MERITI,459,26,2016-08-24,1,RJ,RJ
,PORTO NACIONAL,460,29,2016-08-25,2,TO,TO
ITABUNA,ITABUNA,461,31,2016-08-25,2,BA,BA
FOZ DO IGUACU,FOZ DO IGUACU,462,16,2016-08-25,2,PR,PR
GUAJARA-MIRIM,GUAJARA-MIRIM,463,18,2016-08-26,1,RO,RO
IMPERATRIZ,IMPERATRIZ,464,26,2016-08-26,,MA,MA
,SANTA TERESA,465,27,2016-08-26,1,ES,ES
CASCAVEL,CASCAVEL,466,31,2016-08-26,2,PR,PR
NISIA FLORESTA,NATAL,467,33,2016-08-28,1,RN,RN
IBIPORA,IBIPORA,468,,2016-08-28,2,,
GOVERNADOR VALADARES,GOVERNADOR VALADARES,469,41,,2,MG,MG
PEDRA AZUL,PEDRA AZUL,470,22,2016-08-29,2,MG,MG
NAVIRAI,NAVIRAI,471,38,2016-08-29,2,MS,MS
SAO JOSE DO PEIXE,FLORIANO,472,25,2016-08-31,,PI,PI
RIO DE JANEIRO,RIO DE JANEIRO,473,22,2016-08-31,1,RJ,RJ
DUQUE DE CAXIAS,DUQUE DE CAXIAS,474,25,2016-09-01,2,,RJ
PRAIA GRANDE,ARARANGUA,475,23,2016-09-01,1,SC,SC
CACHOEIRO DE ITAPEMIRIM,CACHOEIRO DE ITAPEMIRIM,476,24,2016-09-02,2,ES,ES
NAVIRAI,NAVIRAI,477,,2016-09-02,2,MS,MS
SANTAREM,SANTAREM,478,17,2016-09-03,2,PA,PA
TIBAU DO SUL,PARNAMIRIM,479,21,2016-09-04,1,RN,RN
NAVEGANTES,NAVEGANTES,480,21,2016-09-04,2,SC,SC
SALVADOR,SALVADOR,481,30,2016-09-05,2,BA,BA
ITUBERA,VALENCA,482,30,2016-09-05,1,BA,BA
CAMPO GRANDE,CAMPO GRANDE,483,29,,2,MS,MS
RECIFE,RECIFE,484,35,2016-09-06,1,PE,PE
,GOIANIA,485,28,2016-09-07,1,GO,GO
MAUES,MAUES,486,26,2016-09-08,1,AM,AM
NOSSA SENHORA DOS REMEDIOS,TERESINA,487,21,2016-09-09,1,PI,PI
RIO BRANCO DO SUL,CURITIBA,488,20,2016-09-09,,PR,PR
TIMON,TIMON,489,19,2016-09-11,2,MA,MA
,MANAUS,490,38,,2,AM,AM
VITORIA DO MEARIM,VITORIA DO MEARIM,491,23,2016-09-14,2,MA,MA
MACEIO,MACEIO,492,36,2016-09-14,2,AL,AL
ARACAJU,ARACAJU,493,37,2016-09-14,2,SE,SE
VARZEA GRANDE,CUIABA,494,20,2016-09-14,1,MT,
FORTALEZA,FORTALEZA,495,21,2016-09-15,2,CE,CE
IACIARA,IACIARA,496,36,2016-09-16,1,GO,GO
SAO LOURENCO DA MATA,RECIFE,497,28,2016-09-17,1,PE,PE
NIQUELANDIA,NIQUELANDIA,498,31,2016-09-17,2,,GO
GOVERNADOR VALADARES,GOVERNADOR VALADARES,499,23,2016-09-18,2,MG,MG
SAO JOAO DA BARRA,CAMPOS DOS GOYTACAZES,500,31,2016-09-18,2,RJ,RJ
UBAJARA,SOBRAL,501,32,2016-09-20,2,CE,CE
LIVRAMENTO DE NOSSA SENHORA,VITORIA DA CONQUISTA,502,30,2016-09-20,2,BA,BA
MOZARLANDIA,MOZARLANDIA,503,18,2016-09-20,1,GO,GO
MAZAGAO,MAZAGAO,504,15,2016-09-21,1,AP,AP
,SALVADOR,505,34,2016-09-21,2,BA,BA
JUIZ DE FORA,JUIZ DE FORA,506,17,2016-09-21,1,MG,MG
UBAJARA,TIANGUA,507,29,2016-09-22,2,CE,CE
ITAPICURU,RIO REAL,508,20,2016-09-23,1,BA,BA
RIO VERDE,RIO VERDE,509,24,2016-09-23,2,GO,GO
SALVADOR,SALVADOR,510,33,2016-09-24,1,BA,BA
PRESIDENTE DUTRA,PRESIDENTE DUTRA,511,20,2016-09-25,2,MA,MA
JOAO PESSOA,JOAO PESSOA,512,29,2016-09-25,,PB,PB
CRICIUMA,CRICIUMA,513,,2016-09-26,2,SC,SC
SANTA QUITERIA DO MARANHAO,SANTA QUITERIA DO MARANHAO,514,17,2016-09-28,2,MA,MA
RIO DE JANEIRO,RIO DE JANEIRO,515,40,2016-09-28,2,RJ,RJ
IGUATU,IGUATU,516,24,2016-10-01,1,CE,CE
GOIANIA,GOIANIA,517,23,2016-10-01,2,GO,GO
GOIANIA,GOIANIA,518,22,,1,GO,GO
CAMACARI,CAMACARI,519,20,2016-10-03,1,BA,BA
,MANGA,520,37,2016-10-03,,MG,
RIO BRANCO,RIO BRANCO,521,28,2016-10-04,2,AC,AC
SANTO ANTONIO DO LEVERGER,SANTO ANTONIO DO LEVERGER,522,25,2016-10-04,1,MT,MT
JUARINA,ARAGUAINA,523,35,2016-10-05,2,TO,TO
ITAPIPOCA,ITAPIPOCA,524,30,2016-10-05,2,CE,CE
CAMACARI,LAURO DE FREITAS,525,25,2016-10-06,1,BA,BA
APARECIDA DE GOIANIA,GOIANIA,526,35,2016-10-06,1,GO,GO
NOVA BELEM,MANTENA,527,20,2016-10-07,2,MG,MG
GROSSOS,,528,21,2016-10-08,,,RN
NITEROI,NITEROI,529,26,2016-10-09,1,RJ,RJ
,IBIAPINA,530,21,2016-10-10,1,CE,CE
MARINGA,MARINGA,531,34,2016-10-10,1,PR,PR
XINGUARA,XINGUARA,532,23,,2,PA,PA
JABOATAO DOS GUARARAPES,RIBEIRAO,533,26,2016-10-11,2,PE,
CACHOEIRAS DE MACACU,CACHOEIRAS DE MACACU,534,25,2016-10-12,2,RJ,RJ
,NAVEGANTES,535,15,2016-10-12,1,SC,SC
MACAPA,MACAPA,536,26,2016-10-14,,AP,AP
VITORIA,VITORIA,537,27,2016-10-17,2,ES,ES
RIO DE JANEIRO,RIO DE JANEIRO,538,15,2016-10-17,1,RJ,RJ
PORTO ALEGRE,PORTO ALEGRE,539,33,2016-10-17,1,RS,RS
,SANTIAGO,540,,2016-10-17,2,,RS
FORTALEZA,FORTALEZA,541,21,2016-10-20,2,CE,CE
SAO JOAO DE MERITI,SAO JOAO DE MERITI,542,29,2016-10-20,2,RJ,RJ
NOVA OLIMPIA,NOVA OLIMPIA,543,34,2016-10-20,2,MT,MT
MONTES CLAROS,MONTES CLAROS,544,39,2016-10-21,1,MG,MG
TRAIRI,ITAPIPOCA,545,18,2016-10-22,1,CE,CE
UIRAUNA,CAJAZEIRAS,546,16,2016-10-23,2,PB,PB
MACEIO,MACEIO,547,24,2016-10-24,1,AL,AL
ARACAJU,ARACAJU,548,18,2016-10-24,2,SE,SE
BLUMENAU,BLUMENAU,549,,2016-10-24,1,SC,SC
,,550,25,2016-10-24,2,RS,RS
AUTAZES,AUTAZES,551,24,2016-10-25,2,AM,AM
SANHARO,GARANHUNS,552,18,2016-10-25,2,PE,PE
VALENCA DO PIAUI,VALENCA DO PIAUI,553,20,,2,PI,PI
ACARAPE,REDENCAO,554,22,2016-10-26,1,CE,CE
,RIO GRANDE,555,21,2016-10-26,1,RS,RS
QUIXERAMOBIM,QUIXADA,556,29,2016-10-27,1,CE,CE
GOIANIA,GOIANIA,557,18,2016-10-27,2,GO,GO
MOSSORO,MOSSORO,558,,2016-10-31,1,,RN
RECIFE,RECIFE,559,28,2016-10-31,2,PE,PE
,CLAUDIO,560,21,,,MG,MG
CAMPOS DOS GOYTACAZES,,561,21,2016-10-31,1,RJ,RJ
NATAL,NATAL,562,32,2016-11-01,2,RN,RN
JUIZ DE FORA,JUIZ DE FORA,563,31,2016-11-01,1,MG,MG
VISEU,BELEM,564,25,2016-11-02,1,,PA
MONCAO,MONCAO,565,18,2016-11-02,1,MA,MA
EUCLIDES DA CUNHA,EUCLIDES DA CUNHA,566,24,2016-11-02,2,BA,BA
UNIAO DA VITORIA,UNIAO DA VITORIA,567,,,1,PR,PR
JACUTINGA,ERECHIM,568,31,2016-11-02,,RS,RS
HUMAITA,HUMAITA,569,20,2016-11-03,1,AM,AM
,SALVADOR,570,16,2016-11-03,1,,BA
VALENCA,VALENCA,571,20,2016-11-04,1,RJ,RJ
PARINTINS,PARINTINS,572,19,2016-11-05,2,AM,AM
ITABORAI,NITEROI,573,27,2016-11-05,2,RJ,RJ
MARILANDIA,COLATINA,574,24,2016-11-06,2,ES,ES
,RIO BRANCO,575,20,2016-11-08,1,AC,AC
PONTA GROSSA,PONTA GROSSA,576,19,2016-11-08,1,PR,PR
SARANDI,SARANDI,577,33,2016-11-08,1,PR,PR
SAO LUIS,SAO LUIS,578,28,2016-11-09,1,MA,MA
CAMBARA,SANTO ANTONIO DA PLATINA,579,27,2016-11-09,1,PR,PR
SAO LUIS,SAO LUIS,580,22,2016-11-10,1,MA,MA
JUIZ DE FORA,JUIZ DE FORA,581,29,,1,MG,MG
RIO DE JANEIRO,RIO DE JANEIRO,582,47,2016-11-10,2,,RJ
ARAUCARIA,ARAUCARIA,583,21,2016-11-10,2,PR,PR
PRAIA GRANDE,TURVO,584,33,2016-11-10,,SC,SC
,RIO DE JANEIRO,585,,2016-11-11,2,RJ,
SAO JOAO DE MERITI,RIO DE JANEIRO,586,35,2016-11-11,2,RJ,RJ
HUMAITA,HUMAITA,587,25,2016-11-12,1,AM,AM
FORTIM,TABULEIRO DO NORTE,588,39,,1,,CE
TAVARES,PATOS,589,19,2016-11-12,1,PB,PB
RIO LARGO,MACEIO,590,24,2016-11-13,1,AL,AL
FORTALEZA,FORTALEZA,591,35,2016-11-14,1,CE,CE
FEIRA DE SANTANA,FEIRA DE SANTANA,592,23,2016-11-14,1,BA,BA
ARAGUARI,ARAGUARI,593,25,2016-11-14,1,MG,MG
TERESINA,TERESINA,594,29,2016-11-16,1,PI,PI
,BELO HORIZONTE,595,35,,2,MG,MG
MUQUI,CACHOEIRO DE ITAPEMIRIM,596,24,2016-11-16,2,ES,ES
BELO HORIZONTE,BELO HORIZONTE,597,24,2016-11-18,2,MG,MG
CASTRO,CASTRO,598,27,2016-11-18,1,PR,PR
PACARAIMA,PACARAIMA,599,45,2016-11-19,1,RR,RR
SINOP,SINOP,600,26,2016-11-20,2,MT,MT
CURITIBA,CURITIBA,601,32,2016-11-21,1,PR,PR
CHAPECO,CHAPECO,602,26,,2,SC,SC
BOCA DO ACRE,BOCA DO ACRE,603,,2016-11-22,1,AM,AM
CONCEICAO DO ARAGUAIA,REDENCAO,604,26,2016-11-22,2,PA,PA
,,605,35,2016-11-22,1,MA,MA
TENENTE ANANIAS,TENENTE ANANIAS,606,32,2016-11-22,2,,RN
MAUES,MAUES,607,17,2016-11-23,2,AM,AM
LIVRAMENTO DE NOSSA SENHORA,LIVRAMENTO DE NOSSA SENHORA,608,28,2016-11-23,2,BA,BA
SANTO ANTONIO DE JESUS,SANTO ANTONIO DE JESUS,609,22,,2,BA,BA
NOVA IGUACU,RIO DE JANEIRO,610,21,2016-11-24,1,RJ,RJ
SAO GONCALO,SAO GONCALO,611,33,2016-11-24,1,RJ,RJ
VARZEA BRANCA,SAO RAIMUNDO NONATO,612,22,2016-11-26,2,PI,PI
PANELAS,CARUARU,613,27,2016-11-26,1,PE,PE
BAIAO,BAIAO,614,21,2016-11-27,2,PA,PA
,SAO LUIS,615,21,2016-11-27,1,MA,MA
CABO DE SANTO AGOSTINHO,RECIFE,616,37,2016-11-27,2,PE,PE
NOVA CRIXAS,NOVA CRIXAS,617,29,2016-11-28,1,GO,GO
BELTERRA,SANTAREM,618,32,2016-11-30,2,PA,PA
SALVADOR,SALVADOR,619,28,2016-11-30,2,BA,BA
,CAMBUI,620,27,2016-11-30,1,MG,MG
PAROBE,PAROBE,621,24,2016-11-30,2,RS,RS
JAGUARE,COLATINA,622,18,2016-12-02,2,ES,ES
MANHUACU,MANHUACU,623,36,2016-12-04,2,MG,MG
CARACARAI,BOA VISTA,624,16,2016-12-06,,,
SOBRAL,SOBRAL,625,31,2016-12-06,2,CE,CE
ITABAIANA,ITABAIANA,626,20,2016-12-06,2,SE,SE
ANGRA DOS REIS,ANGRA DOS REIS,627,21,2016-12-06,2,RJ,RJ
RIO DE JANEIRO,RIO DE JANEIRO,628,29,2016-12-06,1,RJ,RJ
CAMPOS GERAIS,CAMPOS GERAIS,629,24,2016-12-07,1,MG,MG
PASSOS,PASSOS,630,34,2016-12-07,2,MG,MG
ITAGUAI,RIO DE JANEIRO,631,16,2016-12-07,2,RJ,RJ
SAPUCAIA DO SUL,CANOAS,632,25,2016-12-07,2,RS,RS
CAPINZAL DO NORTE,ALTO ALEGRE DO MARANHAO,633,32,2016-12-08,2,MA,MA
MANHUMIRIM,MANHUMIRIM,634,35,2016-12-10,2,MG,MG
,EUCLIDES DA CUNHA,635,18,2016-12-11,2,BA,BA
LAVRAS,LAVRAS,636,21,2016-12-12,2,,MG
ITAUBA,ITAUBA,637,16,2016-12-12,2,MT,MT
RIO DE JANEIRO,RIO DE JANEIRO,638,21,2016-12-13,1,RJ,RJ
MANAUS,MANAUS,639,21,2016-12-14,1,AM,AM
,ANAPOLIS,640,36,2016-12-14,,GO,GO
MACEIO,MACEIO,641,37,2016-12-15,2,AL,AL
ABAETE,DORES DO INDAIA,642,29,2016-12-15,2,,MG
JOAO PESSOA,JOAO PESSOA,643,22,2016-12-16,2,PB,PB
AGUA PRETA,PALMARES,644,27,2016-12-16,1,PE,PE
,PALMEIRA DOS INDIOS,645,26,2016-12-16,1,AL,AL
MANAUS,MANAUS,646,21,2016-12-18,1,AM,AM
SAO GONCALO,SAO GONCALO,647,21,2016-12-18,1,RJ,RJ
GRAVATAI,CACHOEIRINHA,648,17,2016-12-18,2,RS,RS
TORRES,,649,26,2016-12-20,1,RS,RS
TUCURUI,TUCURUI,650,26,2016-12-21,1,PA,PA
ARAPIRACA,ARAPIRACA,651,25,2016-12-21,1,AL,AL
AUTAZES,AUTAZES,652,29,2016-12-22,2,AM,AM
SAO JOAO DE MERITI,SAO JOAO DE MERITI,653,19,2016-12-23,2,RJ,RJ
ACUCENA,IPATINGA,654,31,2016-12-25,1,,MG
VITORIA,VITORIA,655,35,2016-12-26,1,ES,ES
BELFORD ROXO,DUQUE DE CAXIAS,656,26,2016-12-26,,RJ,RJ
BARBOSA FERRAZ,BARBOSA FERRAZ,657,,2016-12-26,1,PR,PR
BENJAMIN CONSTANT,BENJAMIN CONSTANT,658,21,2016-12-27,1,AM,AM
PINHEIRO,PINHEIRO,659,26,2016-12-27,2,MA,MA
,,660,19,2016-12-27,1,,BA
JACOBINA,JACOBINA,661,18,2016-12-28,1,BA,BA
PILAO ARCADO,PILAO ARCADO,662,21,2016-12-28,2,BA,BA
CURITIBANOS,CURITIBANOS,663,16,2016-12-28,1,SC,SC
BRASILIA,BRASILIA,664,35,2016-12-28,,DF,DF
SAO DOMINGOS DO CAPIM,BELEM,665,23,2016-12-29,1,PA,PA
RIO DE JANEIRO,RIO DE JANEIRO,666,,2016-12-29,1,,RJ
TUBARAO,TUBARAO,667,41,2016-12-29,1,SC,SC
CANOAS,PORTO ALEGRE,668,23,2016-12-29,1,RS,RS
RIO DE JANEIRO,RIO DE JANEIRO,669,24,2016-12-30,1,RJ,RJ
AURORA DO PARA,SAO MIGUEL DO GUAMA,670,20,2016-12-31,2,PA,PA
BANDEIRANTES,BANDEIRANTES,671,17,2016-12-31,2,PR,PR
RIBEIRAO DAS NEVES,BELO HORIZONTE,672,20,,,,MG
BENTO GONCALVES,BENTO GONCALVES,673,22,2017-01-02,2,RS,RS
BRASILIA,BRASILIA,674,25,2017-01-02,1,DF,DF
SOLEDADE,SOLEDADE,675,24,2017-01-03,2,RS,RS
RIO DE JANEIRO,RIO DE JANEIRO,676,33,2017-01-04,1,RJ,RJ
DUQUE DE CAXIAS,SAO JOAO DE MERITI,677,22,2017-01-04,2,RJ,RJ
ITAPECERICA DA SERRA,ITAPECERICA DA SERRA,678,25,2017-01-04,2,SP,SP
MOGI DAS CRUZES,MOGI DAS CRUZES,679,18,2017-01-04,2,SP,SP
,PIANCO,680,28,2017-01-05,,PB,PB
SALTO,SALTO,681,30,2017-01-05,2,SP,SP
FORTALEZA,FORTALEZA,682,41,2017-01-06,1,CE,CE
SENGES,ITARARE,683,20,2017-01-06,2,PR,SP
SANTO ANTONIO DE JESUS,SANTO ANTONIO DE JESUS,684,24,2017-01-07,2,BA,BA
RIBEIRAO DAS NEVES,BELO HORIZONTE,685,25,2017-01-07,2,MG,MG
PATY DO ALFERES,MIGUEL PEREIRA,686,18,,2,RJ,RJ
FRANCISCO BELTRAO,FRANCISCO BELTRAO,687,23,2017-01-08,2,PR,PR
FLORIANOPOLIS,FLORIANOPOLIS,688,26,2017-01-08,2,SC,SC
JOAO PESSOA,JOAO PESSOA,689,23,2017-01-09,1,PB,
,ITABAIANA,690,22,2017-01-10,2,,SE
CAMPINA GRANDE DO SUL,CURITIBA,691,23,2017-01-12,1,PR,PR
SAMPAIO,AUGUSTINOPOLIS,692,16,2017-01-13,1,TO,TO
SAO PAULO,,693,,,2,SP,SP
SAO PEDRO DE ALCANTARA,FLORIANOPOLIS,694,39,2017-01-14,1,SC,SC
,FORTALEZA,695,25,2017-01-15,1,CE,CE
SAO JOAO DA PONTA,CASTANHAL,696,29,2017-01-16,,,PA
ANDORINHA,JUAZEIRO,697,15,2017-01-16,2,BA,BA
GUARULHOS,GUARULHOS,698,26,2017-01-16,1,SP,SP
ITU,SOROCABA,699,21,2017-01-17,1,SP,SP
,BELEM,700,25,,2,PA,PA
MACEIO,MACEIO,701,22,2017-01-18,2,AL,AL
NITEROI,NITEROI,702,17,2017-01-18,1,RJ,RJ
GOIANIA,GOIANIA,703,22,2017-01-18,2,GO,GO
AGUA DOCE DO MARANHAO,PAULINO NEVES,704,25,2017-01-19,1,MA,MA
,GOIANIA,705,24,2017-01-19,1,GO,GO
MONTE ALEGRE,MONTE ALEGRE,706,27,2017-01-20,1,PA,PA
BARBACENA,BARBACENA,707,30,2017-01-20,2,MG,MG
VITORINO FREIRE,VITORINO FREIRE,708,20,2017-01-22,2,,MA
ITABUNA,ITABUNA,709,27,2017-01-22,1,BA,BA
MONTES ALTOS,IMPERATRIZ,710,24,2017-01-23,1,MA,MA
NATAL,NATAL,711,,2017-01-23,2,RN,RN
MONTE SANTO,MONTE SANTO,712,20,2017-01-23,1,BA,BA
CACHOEIRA DO SUL,CACHOEIRA DO SUL,713,21,2017-01-23,1,RS,RS
SAO PAULO,SAO PAULO,714,31,,1,,SP
CASCAVEL,CASCAVEL,715,24,2017-01-24,2,PR,PR
RIO DE JANEIRO,PETROPOLIS,716,33,2017-01-25,1,RJ,RJ
EREBANGO,ERECHIM,717,28,2017-01-25,1,RS,RS
SORRISO,SORRISO,718,27,2017-01-25,2,MT,MT
URUCURITUBA,URUCURITUBA,719,26,2017-01-26,2,AM,AM
AMPARO DO SERRA,PONTE NOVA,720,24,2017-01-26,2,MG,MG
SUMARE,CAMPINAS,721,36,2017-01-26,2,SP,SP
SALVADOR,SALVADOR,722,14,2017-01-27,1,BA,BA
IBITIURA DE MINAS,ANDRADAS,723,32,2017-01-27,1,MG,MG
BELO HORIZONTE,BELO HORIZONTE,724,37,2017-01-27,1,MG,MG
,FRANCA,725,39,2017-01-27,2,SP,SP
SANTO ANDRE,,726,37,2017-01-27,2,,SP
TERESINA,TERESINA,727,32,2017-01-28,1,PI,PI
ITUIUTABA,ITUIUTABA,728,19,2017-01-29,1,MG,MG
CATANDUVA,CATANDUVA,729,20,2017-01-29,2,SP,SP
CAMPO GRANDE,CAMPO GRANDE,730,31,2017-01-29,1,MS,MS
ITABERABA,ITABERABA,731,22,2017-01-30,1,BA,BA
GUARULHOS,GUARULHOS,732,41,2017-01-30,2,,SP
BRASILIA,BRASILIA,733,17,2017-01-30,1,DF,DF
FERRAZ DE VASCONCELOS,FERRAZ DE VASCONCELOS,734,33,2017-01-31,2,SP,SP
PIQUETE,LORENA,735,21,2017-01-31,1,SP,SP
FORTALEZA,FORTALEZA,736,26,2017-02-01,,CE,CE
BARREIROS,,737,25,2017-02-02,2,PE,PE
PORTO ALEGRE,PORTO ALEGRE,738,,2017-02-02,2,,RS
TAPURAH,SORRISO,739,23,2017-02-02,1,MT,MT
,SALVADOR,740,32,2017-02-04,2,BA,BA
PERDIZES,PERDIZES,741,24,2017-02-04,1,MG,
SAO PAULO,SAO PAULO,742,34,2017-02-04,1,SP,SP
URUBURETAMA,ITAPIPOCA,743,21,2017-02-05,1,CE,CE
VILA VELHA,VILA VELHA,744,25,2017-02-05,2,ES,ES
,BEBEDOURO,745,26,2017-02-05,1,SP,SP
ITAMARATI,ITAMARATI,746,15,2017-02-06,1,AM,AM
BELEM,BELEM,747,,2017-02-06,2,PA,PA
SAO LUIS,SAO LUIS,748,22,2017-02-06,1,MA,MA
RECIFE,RECIFE,749,31,,2,PE,PE
,SAO GONCALO,750,21,2017-02-07,2,,RJ
FOZ DO IGUACU,FOZ DO IGUACU,751,24,2017-02-07,1,PR,PR
BELEM,BELEM,752,21,2017-02-08,,PA,PA
BENTO GONCALVES,BENTO GONCALVES,753,35,2017-02-09,2,RS,RS
PELOTAS,PELOTAS,754,23,2017-02-09,1,RS,RS
TAILANDIA,TAILANDIA,755,19,2017-02-10,2,PA,PA
ITAJUBA,ITAJUBA,756,,,1,,MG
VITORIA,SERRA,757,38,2017-02-10,2,ES,ES
MAGE,PETROPOLIS,758,37,2017-02-10,2,RJ,RJ
GUARAMIRIM,JARAGUA DO SUL,759,20,2017-02-11,2,SC,SC
,JOINVILLE,760,16,2017-02-11,,SC,SC
BRASILIA,BRASILIA,761,19,2017-02-11,2,DF,DF
RECIFE,RECIFE,762,25,2017-02-12,1,PE,PE
SAO GABRIEL,SAO GABRIEL,763,27,2017-02-12,1,RS,RS
MAGE,MAGE,764,21,2017-02-13,1,RJ,RJ
TRES LAGOAS,TRES LAGOAS,765,23,2017-02-13,1,MS,MS
MACAPA,MACAPA,766,36,2017-02-14,2,AP,AP
ALAGOINHAS,ALAGOINHAS,767,18,2017-02-14,2,BA,
TABOAO DA SERRA,SAO PAULO,768,21,2017-02-14,1,SP,SP
MACAPA,MACAPA,769,22,2017-02-15,1,AP,AP
SAO BERNARDO DO CAMPO,SAO BERNARDO DO CAMPO,770,23,2017-02-15,2,SP,SP
ULIANOPOLIS,ULIANOPOLIS,771,21,2017-02-16,2,PA,PA
IBOTIRAMA,IBOTIRAMA,772,23,2017-02-16,1,BA,BA
JANAUBA,JANAUBA,773,28,2017-02-16,1,MG,MG
LEME DO PRADO,TURMALINA,774,,2017-02-16,2,,MG
,INHUMAS,775,21,2017-02-16,1,GO,GO
SITIO DO MATO,SITIO DO MATO,776,38,2017-02-17,,BA,BA
JOINVILLE,JOINVILLE,777,26,,1,SC,SC
CABO DE SANTO AGOSTINHO,CABO DE SANTO AGOSTINHO,778,17,2017-02-18,2,PE,PE
SAO CRISTOVAO,ARACAJU,779,26,2017-02-18,1,SE,SE
,ITAPECERICA DA SERRA,780,21,2017-02-18,1,,
ITACARAMBI,,781,19,2017-02-19,2,MG,MG
SANTO ANTONIO DO DESCOBERTO,BRASILIA,782,30,2017-02-19,2,GO,DF
BRASILIA,BRASILIA,783,,2017-02-19,2,DF,DF
ORIXIMINA,ORIXIMINA,784,26,,,PA,PA
CAPITAO ENEAS,MONTES CLAROS,785,15,2017-02-20,2,MG,MG
SAO PAULO,SAO PAULO,786,20,2017-02-20,2,SP,SP
MANAUS,MANAUS,787,22,2017-02-21,2,AM,AM
CASCAVEL,CASCAVEL,788,24,2017-02-21,2,PR,PR
CUIABA,CUIABA,789,27,2017-02-21,2,MT,MT
BELFORD ROXO,DUQUE DE CAXIAS,790,33,2017-02-22,1,RJ,RJ
PETROPOLIS,PETROPOLIS,791,33,,2,RJ,RJ
EMBU,,792,,2017-02-22,,,SP
SAO PAULO,SAO PAULO,793,18,2017-02-22,1,SP,SP
MANAUS,MANAUS,794,22,2017-02-23,2,AM,AM
,EMBU,795,25,2017-02-23,1,SP,SP
APARECIDA DE GOIANIA,GOIANIA,796,31,2017-02-23,1,GO,GO
NILOPOLIS,NILOPOLIS,797,26,2017-02-25,1,RJ,RJ
VARGEM GRANDE,VARGEM GRANDE,798,22,,2,,MA
OLINDA,RECIFE,799,20,2017-02-26,2,PE,PE
,FEIRA DE SANTANA,800,20,2017-02-26,,BA,BA
SAO SEPE,SANTA MARIA,801,,2017-02-26,2,RS,RS
SANTO ANDRE,SANTO ANDRE,802,28,2017-02-27,1,SP,SP
PARAISO DO SUL,SANTA MARIA,803,17,2017-02-27,2,RS,RS
VITORIA DA CONQUISTA,VITORIA DA CONQUISTA,804,22,2017-02-28,1,BA,BA
MAUA,SAO BERNARDO DO CAMPO,805,34,2017-02-28,1,SP,SP
ANANINDEUA,ANANINDEUA,806,19,2017-03-01,1,PA,
SAO JOAO DA SERRA,SAO JOAO DA SERRA,807,18,2017-03-01,1,PI,PI
SANTO ANTONIO DE JESUS,SANTO ANTONIO DE JESUS,808,32,2017-03-02,1,BA,BA
VARZEA NOVA,VARZEA NOVA,809,16,2017-03-02,1,BA,BA
,LIMEIRA,810,,2017-03-02,1,,SP
BELEM,BELEM,811,16,2017-03-05,2,PA,PA
CAMPO ALEGRE,SAO MIGUEL DOS CAMPOS,812,30,,2,AL,AL
POUSO REDONDO,RIO DO SUL,813,28,2017-03-06,2,SC,SC
CUIABA,,814,35,2017-03-06,2,MT,MT
,BELO HORIZONTE,815,24,2017-03-07,2,MG,MG
ANGELANDIA,TEOFILO OTONI,816,33,2017-03-07,1,MG,MG
CANTO DO BURITI,CANTO DO BURITI,817,12,2017-03-08,1,PI,PI
CAMPINAS,CAMPINAS,818,27,2017-03-08,1,SP,SP
PONTAL DO PARANA,PARANAGUA,819,33,2017-03-08,1,PR,PR
,SAO PAULO,820,31,2017-03-09,1,SP,SP
BATALHA,ARAPIRACA,821,19,2017-03-10,2,AL,AL
GUARUJA,GUARUJA,822,27,2017-03-11,2,,SP
ITAPECERICA DA SERRA,ITAPECERICA DA SERRA,823,27,2017-03-11,2,SP,SP
FORTALEZA,FORTALEZA,824,21,2017-03-13,1,CE,CE
,,825,26,2017-03-13,1,ES,ES
PONTA GROSSA,PONTA GROSSA,826,28,2017-03-13,1,PR,PR
ITAIOPOLIS,RIO NEGRINHO,827,38,2017-03-13,1,SC,SC
PORTO VELHO,PORTO VELHO,828,,2017-03-14,2,,RO
CAXIAS,CAXIAS,829,26,2017-03-15,2,MA,MA
RIO DE JANEIRO,RIO DE JANEIRO,830,22,2017-03-15,2,RJ,RJ
ITAQUAQUECETUBA,ITAQUAQUECETUBA,831,19,2017-03-15,2,SP,SP
SAO PAULO,SAO PAULO,832,26,2017-03-15,,SP,
MAMBORE,UBIRATA,833,16,,2,PR,PR
DEPUTADO IRAPUAN PINHEIRO,ACOPIARA,834,27,2017-03-17,2,CE,CE
,MINEIROS,835,28,2017-03-17,1,GO,GO
CAROLINA,CAROLINA,836,19,2017-03-18,2,MA,MA
MESQUITA,MESQUITA,837,,2017-03-18,2,RJ,RJ
SAO PAULO,SAO PAULO,838,33,2017-03-18,1,SP,SP
BRASILIA,BRASILIA,839,21,2017-03-18,1,DF,DF
,ALAGOINHAS,840,30,,,,BA
CIANORTE,CIANORTE,841,23,2017-03-19,1,PR,PR
VALE DO ANARI,JARU,842,27,2017-03-20,1,RO,RO
OSASCO,SAO PAULO,843,24,2017-03-20,2,SP,SP
,ICARA,844,37,2017-03-20,1,,SC
,CAICO,845,29,2017-03-21,2,RN,
SAO JOAO DE MERITI,MESQUITA,846,17,2017-03-22,2,RJ,RJ
SAO PAULO,,847,16,,1,SP,SP
SAO BENTO DO SUL,SAO BENTO DO SUL,848,27,2017-03-22,,SC,SC
NOSSA SENHORA DO SOCORRO,NOSSA SENHORA DO SOCORRO,849,35,2017-03-23,2,SE,SE
PIRITIBA,MIGUEL CALMON,850,30,2017-03-23,2,BA,BA
MANHUACU,BELO HORIZONTE,851,32,2017-03-23,2,MG,MG
JERONIMO MONTEIRO,ALEGRE,852,21,2017-03-23,2,,ES
ATIBAIA,ATIBAIA,853,26,2017-03-23,1,SP,SP
CARATINGA,CARATINGA,854,29,2017-03-24,2,MG,MG
PELOTAS,PELOTAS,855,21,2017-03-24,1,RS,RS
SAO PAULO,SAO PAULO,856,26,2017-03-25,2,SP,SP
PARANAGUA,PARANAGUA,857,23,2017-03-25,1,PR,PR
BRASILIA,BRASILIA,858,24,2017-03-25,1,DF,DF
COELHO NETO,COELHO NETO,859,29,2017-03-26,2,MA,MA
,SAO ROQUE,860,25,2017-03-26,2,SP,SP
PORTO ALEGRE,PORTO ALEGRE,861,28,,1,RS,RS
DOURADOS,DOURADOS,862,19,2017-03-27,2,MS,MS
SAO PAULO,SAO PAULO,863,28,2017-03-29,1,SP,SP
CRICIUMA,CRICIUMA,864,17,2017-03-29,2,SC,SC
NOVA ANDRADINA,NOVA ANDRADINA,865,30,2017-03-29,2,MS,MS
SANTA MARIA DAS BARREIRAS,REDENCAO,866,31,2017-03-30,2,PA,PA
SAO PAULO,SAO PAULO,867,39,2017-03-30,1,SP,SP
MONCAO,MONCAO,868,18,2017-03-31,1,MA,MA
VIANA,,869,21,2017-04-01,2,MA,MA
PARNAMIRIM,PARNAMIRIM,870,17,2017-04-01,1,RN,RN
SAO DESIDERIO,SAO DESIDERIO,871,29,2017-04-01,2,BA,
PIRACICABA,PIRACICABA,872,33,2017-04-01,,SP,SP
SALVADOR,SALVADOR,873,,2017-04-02,1,BA,BA
SALVADOR,SALVADOR,874,20,2017-04-02,1,BA,BA
GUARULHOS,SAO PAULO,875,27,2017-04-02,2,SP,SP
FLORIANOPOLIS,FLORIANOPOLIS,876,32,2017-04-02,1,,SC
ANAPOLIS,ANAPOLIS,877,23,2017-04-02,1,GO,GO
SAO LUIS,SAO LUIS,878,30,2017-04-03,1,MA,MA
IGARAPE-ACU,BELEM,879,29,2017-04-04,2,PA,PA
,,880,30,2017-04-04,,PB,PB
SERTAOZINHO,SERTAOZINHO,881,30,2017-04-04,2,SP,SP
POUSO ALEGRE,POUSO ALEGRE,882,34,2017-04-05,2,MG,MG
SAO LUIS,SAO LUIS,883,18,2017-04-07,1,MA,MA
GLICERIO,BIRIGUI,884,29,2017-04-07,1,SP,
,SAO JOSE DOS CAMPOS,885,22,2017-04-07,2,SP,SP
FONTE BOA,FONTE BOA,886,22,2017-04-08,1,AM,AM
FEIRA DE SANTANA,FEIRA DE SANTANA,887,18,2017-04-08,1,BA,BA
IBITITA,IRECE,888,28,2017-04-08,2,BA,BA
RIO DE JANEIRO,RIO DE JANEIRO,889,34,2017-04-08,1,RJ,RJ
,SUZANO,890,34,2017-04-09,2,SP,SP
CAMPO GRANDE,CAMPO GRANDE,891,35,2017-04-09,1,MS,MS
BRASILIA,BRASILIA,892,35,2017-04-09,1,DF,DF
BARCARENA,BARCARENA,893,23,2017-04-10,1,PA,PA
RESENDE,RESENDE,894,25,2017-04-10,2,,RJ
APARECIDA DE GOIANIA,GOIANIA,895,33,2017-04-10,1,GO,GO
TERESINA,TERESINA,896,34,,,PI,PI
JEQUIE,JEQUIE,897,36,2017-04-11,1,BA,BA
BELEM,BELEM,898,34,2017-04-12,1,PA,PA
GUAIUBA,MARACANAU,899,15,2017-04-12,2,CE,CE
,SOROCABA,900,,2017-04-12,2,,SP
CAXIAS DO SUL,CAXIAS DO SUL,901,20,2017-04-12,1,RS,RS
ITUMBIARA,,902,31,2017-04-12,2,GO,GO
BARREIRINHA,BARREIRINHA,903,29,,2,AM,AM
ANANINDEUA,ANANINDEUA,904,34,2017-04-13,,PA,PA
BRASILIA,BRASILIA,905,19,2017-04-13,1,DF,DF
CURITIBA,CURITIBA,906,40,2017-04-14,1,PR,PR
CANDEIAS DO JAMARI,PORTO VELHO,907,19,2017-04-15,2,RO,RO
FORTALEZA,FORTALEZA,908,15,2017-04-15,2,CE,CE
RIO PRETO DA EVA,RIO PRETO DA EVA,909,31,2017-04-16,2,AM,AM
,PORTO VELHO,910,22,,1,RO,
TERESINA,TERESINA,911,20,2017-04-17,1,PI,PI
CARNAUBAL,SOBRAL,912,21,2017-04-17,2,CE,CE
JUNDIAI,,913,24,2017-04-17,2,SP,SP
CUMARU DO NORTE,CUMARU DO NORTE,914,28,2017-04-18,1,PA,PA
,NATAL,915,29,2017-04-18,2,RN,RN
CARIACICA,VITORIA,916,36,2017-04-18,1,ES,ES
RIO DE JANEIRO,RIO DE JANEIRO,917,34,2017-04-18,2,RJ,RJ
DIVINOPOLIS,DIVINOPOLIS,918,19,2017-04-19,1,MG,MG
TEUTONIA,LAJEADO,919,33,2017-04-19,1,RS,RS
NOVO GAMA,BRASILIA,920,14,2017-04-19,2,GO,DF
VICOSA DO CEARA,VICOSA DO CEARA,921,31,2017-04-20,2,CE,CE
SANTA ROSA,SANTA ROSA,922,34,2017-04-20,1,RS,RS
LUCAS DO RIO VERDE,LUCAS DO RIO VERDE,923,29,2017-04-20,2,MT,
PATROCINIO,PATROCINIO,924,39,2017-04-21,2,MG,MG
,PIRASSUNUNGA,925,39,2017-04-21,2,SP,SP
JANUARIA,JANUARIA,926,23,2017-04-22,2,MG,MG
PORTO ALEGRE,PORTO ALEGRE,927,32,2017-04-22,2,RS,RS
MANACAPURU,MANACAPURU,928,19,2017-04-23,,AM,AM
JI-PARANA,JI-PARANA,929,30,2017-04-24,1,RO,RO
MONTES CLAROS,MONTES CLAROS,930,28,2017-04-24,1,MG,MG
GUARUJA,GUARUJA,931,34,,1,SP,SP
SANTO ANDRE,SANTO ANDRE,932,32,2017-04-24,1,SP,SP
AMPERE,AMPERE,933,33,2017-04-24,1,PR,PR
CURVELO,CURVELO,934,26,2017-04-25,2,MG,MG
PARANAGUA,CURITIBA,935,31,2017-04-25,2,PR,PR
MARITUBA,MARITUBA,936,,2017-04-26,,,
JUAZEIRO DO NORTE,JUAZEIRO DO NORTE,937,16,2017-04-26,2,CE,CE
CAAPIRANGA,CAAPIRANGA,938,17,,1,AM,AM
BELO HORIZONTE,BELO HORIZONTE,939,33,2017-04-27,1,MG,MG
,TIMOTEO,940,31,2017-04-28,1,MG,MG
GUARULHOS,GUARULHOS,941,29,2017-04-28,1,SP,SP
DUQUE DE CAXIAS,DUQUE DE CAXIAS,942,18,2017-04-29,2,,RJ
SUZANO,SUZANO,943,21,2017-04-29,2,SP,SP
SAO PAULO,SAO BERNARDO DO CAMPO,944,25,2017-05-01,2,SP,SP
,SAO PAULO,945,,,2,SP,SP
SAO JOSE DOS PINHAIS,SAO JOSE DOS PINHAIS,946,27,2017-05-01,2,PR,PR
LUZIANIA,BRASILIA,947,18,2017-05-01,1,GO,DF
BOA VISTA,BOA VISTA,948,29,2017-05-02,1,,RR
PASSO FUNDO,PASSO FUNDO,949,29,2017-05-02,2,RS,RS
PROFESSOR JAMIL,APARECIDA DE GOIANIA,950,28,2017-05-02,2,GO,GO
ITUMBIARA,ITUMBIARA,951,21,2017-05-02,1,GO,GO
CASTANHEIRAS,ROLIM DE MOURA,952,36,2017-05-04,1,RO,RO
CAMPINA GRANDE,CAMPINA GRANDE,953,30,2017-05-04,1,PB,PB
LAJEDO,LAJEDO,954,,2017-05-04,1,,PE
,MONTES CLAROS,955,24,2017-05-04,2,MG,MG
SAO LOURENCO,SAO LOURENCO,956,17,2017-05-04,2,MG,MG
RIO DE JANEIRO,,957,20,2017-05-04,1,RJ,RJ
IJUI,IJUI,958,17,2017-05-04,1,RS,RS
ESTRELA DE ALAGOAS,PALMEIRA DOS INDIOS,959,15,2017-05-05,2,AL,AL
,PARANAGUA,960,37,2017-05-05,,,PR
JAGUAQUARA,JAGUAQUARA,961,25,2017-05-06,2,BA,BA
GUARULHOS,GUARULHOS,962,35,2017-05-06,1,SP,SP
GOIANIA,GOIANIA,963,28,2017-05-06,1,GO,GO
NATAL,NATAL,964,16,2017-05-07,1,RN,RN
MOGI DAS CRUZES,MOGI DAS CRUZES,965,25,2017-05-07,2,SP,SP
PALMARES,PALMARES,966,15,2017-05-08,1,PE,PE
ESTRELA DE ALAGOAS,PALMEIRA DOS INDIOS,967,19,2017-05-08,2,AL,AL
LAGARTO,LAGARTO,968,20,2017-05-08,1,SE,SE
PATROCINIO,PATROCINIO,969,18,2017-05-08,2,MG,MG
,SAO PAULO,970,33,2017-05-08,1,SP,SP
ILHEUS,ILHEUS,971,21,2017-05-09,1,BA,BA
TAQUARITUBA,AVARE,972,,2017-05-09,2,,SP
CRICIUMA,CRICIUMA,973,36,,1,SC,SC
OSASCO,OSASCO,974,20,2017-05-10,2,SP,SP
,RIO DE JANEIRO,975,21,2017-05-11,2,RJ,
SAO PAULO,SAO PAULO,976,29,2017-05-11,,SP,SP
BRASILIA,BRASILIA,977,28,2017-05-11,1,DF,DF
TEIXEIROPOLIS,OURO PRETO DO OESTE,978,30,2017-05-12,2,,RO
AGUA PRETA,PALMARES,979,20,2017-05-12,2,PE,PE
FOZ DO IGUACU,FOZ DO IGUACU,980,22,2017-05-12,1,PR,PR
MANOEL URBANO,RIO BRANCO,981,22,2017-05-13,1,AC,AC
RECIFE,RECIFE,982,28,2017-05-13,1,PE,PE
RUY BARBOSA,RUY BARBOSA,983,26,2017-05-13,1,BA,BA
SAO PAULO,DIADEMA,984,17,2017-05-14,,,SP
FARROUPILHA,FARROUPILHA,985,25,2017-05-14,2,RS,RS
ITAMBE,ITAMBE,986,17,2017-05-16,1,BA,BA
MOGI DAS CRUZES,MOGI DAS CRUZES,987,22,,1,SP,SP
SAO PAULO,SAO PAULO,988,33,2017-05-16,2,SP,
PINHEIRO,PINHEIRO,989,30,2017-05-18,1,MA,MA
QUITERIANOPOLIS,CRATEUS,990,26,2017-05-18,2,CE,CE
ITATIBA,ITATIBA,991,34,2017-05-18,1,SP,SP
SAO BERNARDO DO CAMPO,SAO PAULO,992,33,2017-05-18,1,SP,SP
MACUCO,CANTAGALO,993,29,2017-05-20,2,RJ,RJ
MOSSORO,MOSSORO,994,27,2017-05-22,2,RN,RN
,RECIFE,995,35,2017-05-22,1,PE,PE
DUQUE DE CAXIAS,RIO DE JANEIRO,996,24,2017-05-22,2,,RJ
SAO CARLOS,SAO CARLOS,997,21,2017-05-22,2,SP,SP
SOROCABA,SOROCABA,998,32,2017-05-22,1,SP,SP
GARIBALDI,BENTO GONCALVES,999,,2017-05-22,2,RS,RS
CAMPINORTE,URUACU,1000,26,2017-05-22,1,GO,GO
PORTO NACIONAL,,1001,23,,1,TO,
TABULEIRO DO NORTE,TABULEIRO DO NORTE,1002,30,2017-05-23,2,CE,CE
PRAIA GRANDE,PRAIA GRANDE,1003,22,2017-05-23,1,SP,SP
TUNEIRAS DO OESTE,CIANORTE,1004,22,2017-05-23,1,PR,PR
VIDEIRA,VIDEIRA,1005,23,2017-05-23,1,SC,SC
LONDRINA,LONDRINA,1006,23,2017-05-24,2,PR,PR
PARAISO DO TOCANTINS,PARAISO DO TOCANTINS,1007,26,2017-05-26,2,TO,TO
SOROCABA,SOROCABA,1008,,,,,SP
PARAUAPEBAS,MARABA,1009,15,2017-05-28,2,PA,PA
,PASSAGEM FRANCA,1010,19,2017-05-28,1,MA,MA
SEABRA,IRECE,1011,26,2017-05-28,1,BA,BA
LAVRAS,LAVRAS,1012,19,2017-05-28,2,MG,MG
BRASILIA,BRASILIA,1013,19,2017-05-28,1,DF,DF
ARAGUARI,ARAGUARI,1014,19,2017-05-29,2,MG,MG
NOVO HAMBURGO,NOVO HAMBURGO,1015,35,2017-05-29,1,RS,RS
ITACOATIARA,MANAUS,1016,34,2017-05-30,2,AM,AM
MAGE,RIO DE JANEIRO,1017,,2017-05-30,1,RJ,RJ
FAXINAL,FAXINAL,1018,16,2017-05-30,2,PR,PR
SANTA MARIA,SANTA MARIA,1019,24,2017-05-30,1,RS,RS
,CABO DE SANTO AGOSTINHO,1020,24,2017-05-31,1,,PE
GOVERNADOR VALADARES,GOVERNADOR VALADARES,1021,27,2017-05-31,1,MG,MG
MARABA,MARABA,1022,28,2017-06-01,1,PA,PA
VOLTA GRANDE,JUIZ DE FORA,1023,29,2017-06-03,1,MG,MG
POSSE,POSSE,1024,29,2017-06-03,,GO,GO
,SAO PAULO,1025,18,2017-06-05,2,SP,SP
TIJUCAS DO SUL,SAO JOSE DOS PINHAIS,1026,28,2017-06-05,1,PR,PR
GOIANIA,GOIANIA,1027,18,2017-06-05,1,GO,
FORTALEZA,FORTALEZA,1028,22,2017-06-06,1,CE,CE
ITU,ITU,1029,28,2017-06-06,1,SP,SP
RIO DE JANEIRO,SAO JOAO DE MERITI,1030,18,2017-06-07,1,RJ,RJ
ITUPIRANGA,ITUPIRANGA,1031,15,2017-06-08,2,PA,PA
RIBEIRAO DAS NEVES,BELO HORIZONTE,1032,29,2017-06-08,2,MG,MG
SAO PAULO,SAO PAULO,1033,37,2017-06-08,2,SP,SP
BLUMENAU,BLUMENAU,1034,33,2017-06-08,1,SC,SC
JEQUIE,JEQUIE,1035,21,2017-06-09,1,BA,BA
SANTA ROSA,SANTA ROSA,1036,33,,1,RS,RS
ANASTACIO,AQUIDAUANA,1037,27,2017-06-11,1,MS,MS
ACAILANDIA,IMPERATRIZ,1038,27,2017-06-12,2,,MA
TEODORO SAMPAIO,TEODORO SAMPAIO,1039,26,2017-06-12,2,SP,SP
,PINTADAS,1040,21,2017-06-13,,BA,
BAMBUI,BAMBUI,1041,22,2017-06-13,2,MG,MG
DUQUE DE CAXIAS,RIO DE JANEIRO,1042,25,2017-06-13,1,RJ,RJ
RIO DE JANEIRO,RIO DE JANEIRO,1043,25,2017-06-13,2,RJ,RJ
PRAIA GRANDE,PRAIA GRANDE,1044,,2017-06-13,1,,SP
,,1045,31,2017-06-14,1,MA,MA
PACATUBA,MARACANAU,1046,15,2017-06-14,2,CE,CE
PALMARES,PALMARES,1047,16,2017-06-14,1,PE,PE
ALMENARA,ALMENARA,1048,18,2017-06-14,,MG,MG
MARIANA,MARIANA,1049,21,2017-06-14,2,MG,MG
,RIO DE JANEIRO,1050,37,,2,,RJ
SANTA BARBARA DO PARA,MARITUBA,1051,25,2017-06-15,1,PA,PA
CAMPOS DOS GOYTACAZES,CAMPOS DOS GOYTACAZES,1052,17,2017-06-15,1,RJ,RJ
MAGE,PETROPOLIS,1053,23,2017-06-15,1,RJ,RJ
SANTA BARBARA D'OESTE,SANTA BARBARA D'OESTE,1054,23,2017-06-15,1,SP,SP
,BREVES,1055,18,2017-06-16,1,PA,PA
CAMPINAS,CAMPINAS,1056,36,2017-06-16,2,SP,SP
SALTO,SALTO,1057,27,,1,SP,SP
SANTO ANTONIO DO ARACANGUA,ARACATUBA,1058,24,2017-06-18,2,SP,SP
ANAPOLIS,ANAPOLIS,1059,26,2017-06-18,2,GO,GO
,BRASILIA,1060,36,2017-06-18,1,DF,DF
JEQUIE,JEQUIE,1061,22,2017-06-19,2,BA,BA
SAO FELIPE,SAO FELIPE,1062,,2017-06-19,2,,BA
SALVADOR,SALVADOR,1063,34,2017-06-20,1,BA,BA
ITABORAI,ITABORAI,1064,15,,,RJ,RJ
,CRUZ ALTA,1065,22,2017-06-21,2,RS,RS
ENTRE-IJUIS,SANTO ANGELO,1066,24,2017-06-21,2,RS,
,BENTO GONCALVES,1067,31,2017-06-22,2,,RS
ANANINDEUA,ANANINDEUA,1068,35,2017-06-23,1,,PA
SAO BENEDITO,SAO BENEDITO,1069,20,2017-06-23,2,CE,CE
,MOGI DAS CRUZES,1070,35,2017-06-23,2,SP,SP
ITAQUAQUECETUBA,ITAQUAQUECETUBA,1071,,,2,SP,SP
FORTALEZA,FORTALEZA,1072,23,2017-06-25,2,CE,CE
VARGEM ALTA,CACHOEIRO DE ITAPEMIRIM,1073,28,2017-06-25,1,ES,ES
SAO TOME,CIANORTE,1074,25,2017-06-25,2,PR,PR
,CAMPINAS,1075,18,2017-06-26,1,SP,SP
JUNDIAI,JUNDIAI,1076,21,2017-06-26,1,SP,SP
TARAUACA,TARAUACA,1077,20,2017-06-27,2,AC,AC
PIRACAIA,,1078,20,,2,SP,SP
NOVA MAMORE,GUAJARA-MIRIM,1079,24,2017-06-28,1,RO,
ARAGUAINA,ARAGUAINA,1080,26,2017-06-28,2,TO,TO
CRUZEIRO DO SUL,PARANAVAI,1081,38,2017-06-28,1,PR,PR
CAARAPO,CAARAPO,1082,27,2017-06-28,1,MS,MS
ITACARE,ITACARE,1083,30,2017-06-29,1,BA,BA
CAPAO BONITO,CAPAO BONITO,1084,33,2017-06-29,1,SP,SP
,PINDAMONHANGABA,1085,28,,2,SP,SP
CAMPO MOURAO,MARINGA,1086,25,2017-06-30,2,,PR
PATO BRANCO,PATO BRANCO,1087,32,2017-06-30,1,PR,PR
SAO BENTO,CATOLE DO ROCHA,1088,26,2017-07-01,2,PB,PB
SIMOES FILHO,SALVADOR,1089,31,2017-07-01,2,BA,BA
,VILA VELHA,1090,31,2017-07-01,2,ES,ES
CARIACICA,VILA VELHA,1091,16,2017-07-02,2,ES,ES
IACU,IACU,1092,27,,2,,
IBIRATAIA,IPIAU,1093,40,2017-07-03,1,BA,BA
SEARA,SEARA,1094,33,2017-07-03,1,SC,SC
,CAMPO GRANDE,1095,33,2017-07-03,2,MS,MS
PEDRA BONITA,CARANGOLA,1096,29,2017-07-04,,MG,MG
DESCALVADO,DESCALVADO,1097,28,2017-07-04,2,SP,SP
NATIVIDADE DA SERRA,TAUBATE,1098,20,2017-07-05,2,SP,SP
PARANAGUA,PARANAGUA,1099,20,2017-07-05,1,PR,PR
GOIANIRA,GOIANIA,1100,43,2017-07-05,1,GO,GO
LAGARTO,LAGARTO,1101,25,2017-07-06,1,SE,SE
BETIM,BETIM,1102,38,2017-07-06,2,MG,MG
CARIACICA,SERRA,1103,35,2017-07-06,2,ES,ES
TABAI,MONTENEGRO,1104,33,2017-07-06,1,RS,RS
CURRALINHO,CURRALINHO,1105,27,2017-07-07,2,PA,PA
TARUMA,ASSIS,1106,25,2017-07-07,2,SP,SP
TANQUE NOVO,TANQUE NOVO,1107,20,2017-07-08,1,BA,BA
CARIACICA,SERRA,1108,30,2017-07-08,1,ES,ES
ARACAJU,ARACAJU,1109,21,2017-07-09,1,SE,SE
,SAO BERNARDO DO CAMPO,1110,19,2017-07-09,2,,SP
GOIANIA,GOIANIA,1111,26,2017-07-09,1,GO,GO
IRECE,IRECE,1112,39,2017-07-10,2,BA,BA
SALVADOR,SAO FRANCISCO DO CONDE,1113,24,2017-07-11,2,BA,BA
JUIZ DE FORA,JUIZ DE FORA,1114,38,2017-07-11,1,MG,MG
BOTUCATU,BOTUCATU,1115,34,2017-07-11,2,SP,SP
MANAUS,MANAUS,1116,25,2017-07-12,1,AM,AM
SAO JOSE DE MIPIBU,NATAL,1117,36,2017-07-12,2,RN,RN
PEDRO CANARIO,SAO MATEUS,1118,32,2017-07-12,2,ES,ES
JOINVILLE,JOINVILLE,1119,21,2017-07-12,2,SC,SC
SAO LOURENCO DA MATA,RECIFE,1120,26,2017-07-13,2,PE,PE
GOIANIA,GOIANIA,1121,21,2017-07-13,1,GO,GO
RIO DE JANEIRO,RIO DE JANEIRO,1122,30,2017-07-14,1,RJ,RJ
SANTANA DE PARNAIBA,SAO PAULO,1123,32,2017-07-14,2,SP,SP
BRASILIA,BRASILIA,1124,25,2017-07-14,2,DF,DF
AGUA BRANCA,TERESINA,1125,23,2017-07-15,2,PI,PI
TERESINA,TERESINA,1126,19,2017-07-15,1,PI,PI
APIACAS,APIACAS,1127,24,,2,MT,MT
CACERES,CACERES,1128,17,2017-07-15,,,MT
BRASILIA,BRASILIA,1129,24,2017-07-15,1,DF,DF
,SALVADOR,1130,31,2017-07-16,1,BA,BA
ITABUNA,ITABUNA,1131,29,2017-07-18,2,BA,BA
CERRO CORA,SANTA CRUZ,1132,33,2017-07-20,1,RN,RN
SANTOS,SANTOS,1133,33,2017-07-20,1,SP,SP
ALMIRANTE TAMANDARE,CURITIBA,1134,,,2,,PR
,PRUDENTOPOLIS,1135,21,2017-07-20,1,PR,PR
CAMACARI,CAMACARI,1136,36,2017-07-21,,BA,BA
BELA VISTA DE GOIAS,BELA VISTA DE GOIAS,1137,16,2017-07-21,1,GO,GO
SAO BERNARDO DO CAMPO,SAO PAULO,1138,38,2017-07-22,1,SP,SP
PORTO ALEGRE,PORTO ALEGRE,1139,19,2017-07-22,1,RS,RS
IVAIPORA,IVAIPORA,1140,33,2017-07-23,2,PR,PR
BELEM,BELEM,1141,15,2017-07-24,1,PA,PA
MARABA,MARABA,1142,25,2017-07-24,2,PA,PA
EMBU-GUACU,ITAPECERICA DA SERRA,1143,,2017-07-24,2,SP,SP
JACAREI,JACAREI,1144,31,2017-07-25,1,SP,SP
POCOS DE CALDAS,POCOS DE CALDAS,1145,33,2017-07-26,2,MG,MG
CONDADO,GOIANA,1146,28,2017-07-27,2,PE,PE
RECIFE,RECIFE,1147,23,2017-07-27,2,PE,PE
SALTO,SALTO,1148,30,,2,SP,SP
CRATO,CRATO,1149,31,2017-07-28,2,CE,CE
RIO DE JANEIRO,RIO DE JANEIRO,1150,34,2017-07-28,2,RJ,RJ
PARATI,PARATI,1151,22,2017-07-29,1,RJ,RJ
SAO PAULO,SAO PAULO,1152,28,2017-07-29,2,SP,SP
SAO PAULO,SAO PAULO,1153,34,2017-07-29,1,SP,SP
RIO DE JANEIRO,RIO DE JANEIRO,1154,37,2017-07-30,2,RJ,RJ
ANAPOLIS,ANAPOLIS,1155,21,2017-07-30,2,GO,GO
CAXIAS,CAXIAS,1156,34,2017-07-31,2,MA,MA
GUARULHOS,GUARULHOS,1157,20,2017-07-31,1,SP,SP
HORIZONTE,HORIZONTE,1158,30,2017-08-01,2,,CE
RIO DE JANEIRO,RIO DE JANEIRO,1159,35,2017-08-01,1,RJ,RJ
,SORRISO,1160,29,2017-08-01,,MT,MT
BRASILIA,BRASILIA,1161,41,2017-08-01,2,DF,DF
MAURITI,BREJO SANTO,1162,27,,2,CE,CE
EXU,CRATO,1163,26,2017-08-02,1,PE,CE
CICERO DANTAS,CICERO DANTAS,1164,24,2017-08-02,1,BA,BA
,BELO HORIZONTE,1165,23,2017-08-02,1,MG,MG
JARINU,JUNDIAI,1166,34,2017-08-02,1,SP,SP
MARINGA,MARINGA,1167,35,2017-08-02,2,PR,PR
CARIUS,IGUATU,1168,28,2017-08-04,,CE,CE
NATAL,NATAL,1169,23,,1,RN,RN
BEZERROS,BEZERROS,1170,33,2017-08-04,2,PE,PE
ALAGOINHAS,ALAGOINHAS,1171,18,2017-08-05,1,BA,BA
CABO FRIO,MACAE,1172,24,2017-08-05,2,RJ,RJ
ALAGOINHAS,ALAGOINHAS,1173,18,2017-08-06,2,BA,BA
VILA VELHA,VILA VELHA,1174,29,2017-08-06,2,ES,ES
CORONEL JOSE DIAS,SAO RAIMUNDO NONATO,1175,17,2017-08-07,1,PI,PI
MOREILANDIA,OURICURI,1176,16,2017-08-07,2,PE,PE
CAMBIRA,,1177,38,2017-08-07,2,PR,PR
GOIANIA,GOIANIA,1178,31,2017-08-07,1,GO,GO
LARANJAL,PITANGA,1179,19,2017-08-08,1,PR,PR
,PEDRA BRANCA DO AMAPARI,1180,38,2017-08-09,2,AP,AP
JOINVILLE,JOINVILLE,1181,29,2017-08-09,2,SC,SC
MARACAJU,MARACAJU,1182,38,2017-08-09,2,MS,MS
ITAITUBA,ITAITUBA,1183,21,2017-08-10,2,PA,PA
SANTAREM,SANTAREM,1184,21,2017-08-10,,PA,PA
PAULISTA,RECIFE,1185,38,2017-08-10,2,PE,PE
MANHUACU,MANHUACU,1186,31,2017-08-10,1,MG,MG
RIBEIRAO PIRES,RIBEIRAO PIRES,1187,41,2017-08-10,1,SP,SP
APARECIDA DE GOIANIA,,1188,,2017-08-10,1,,GO
BELO HORIZONTE,BELO HORIZONTE,1189,33,2017-08-11,1,MG,MG
,SAO PAULO,1190,25,,2,SP,SP
ITAJAI,ITAJAI,1191,23,2017-08-11,1,SC,SC
SANTO ANTONIO DO TAUA,BELEM,1192,22,2017-08-12,,PA,PA
SAO GONCALO,NITEROI,1193,21,2017-08-12,1,RJ,RJ
SANTA MARIA,SANTA MARIA,1194,16,2017-08-13,2,,RS
JACARAU,SANTO ANTONIO,1195,27,2017-08-14,2,PB,RN
SAO FIDELIS,CAMPOS DOS GOYTACAZES,1196,15,2017-08-14,1,RJ,
PELOTAS,PELOTAS,1197,,,1,RS,RS
TABATINGA,TABATINGA,1198,26,2017-08-15,1,AM,AM
LAGOA FORMOSA,,1199,31,2017-08-15,2,MG,MG
PORTO VELHO,PORTO VELHO,1200,23,2017-08-16,1,RO,RO
IPU,IPU,1201,16,2017-08-16,2,CE,CE
FRANCO DA ROCHA,SAO PAULO,1202,15,2017-08-16,2,SP,SP
MACAPA,MACAPA,1203,28,2017-08-17,2,AP,AP
PICOS,PICOS,1204,20,2017-08-17,1,PI,PI
OLINDA,JABOATAO DOS GUARARAPES,1205,30,2017-08-18,2,PE,PE
RIO DE JANEIRO,RIO DE JANEIRO,1206,,2017-08-18,2,,RJ
FRANCISCO MORATO,CAIEIRAS,1207,30,2017-08-18,2,SP,SP
RIO DE JANEIRO,RIO DE JANEIRO,1208,36,2017-08-19,,RJ,RJ
LONDRINA,LONDRINA,1209,27,2017-08-19,2,PR,
TERESINA,TERESINA,1210,25,2017-08-20,1,PI,PI
BOM DESPACHO,BOM DESPACHO,1211,26,2017-08-20,1,MG,MG
LIMOEIRO DO NORTE,LIMOEIRO DO NORTE,1212,33,2017-08-21,2,CE,CE
SOLANEA,SOLANEA,1213,16,2017-08-21,2,PB,PB
TEIXEIRA DE FREITAS,TEIXEIRA DE FREITAS,1214,22,2017-08-22,1,BA,BA
SAO LUIS,SAO LUIS,1215,24,2017-08-23,2,MA,MA
MOSSORO,MOSSORO,1216,30,2017-08-23,,RN,RN
SAO JOAO DE MERITI,SAO JOAO DE MERITI,1217,20,2017-08-25,1,RJ,RJ
ROSARIO OESTE,CUIABA,1218,21,,1,,MT
VOLTA REDONDA,VOLTA REDONDA,1219,34,2017-08-26,2,RJ,RJ
PINHEIRO PRETO,VIDEIRA,1220,29,2017-08-26,2,SC,SC
ITAPETINGA,ITAPETINGA,1221,25,2017-08-27,2,BA,BA
SAO PAULO,SAO PAULO,1222,28,2017-08-27,1,SP,SP
TUBARAO,TUBARAO,1223,37,2017-08-27,2,SC,SC
CANAPOLIS,BOM JESUS DA LAPA,1224,30,2017-08-28,1,BA,BA
CACHOEIRO DE ITAPEMIRIM,CACHOEIRO DE ITAPEMIRIM,1225,23,2017-08-28,2,ES,ES
DIADEMA,DIADEMA,1226,23,2017-08-28,1,SP,SP
ANAJAS,ANAJAS,1227,29,2017-08-30,1,PA,PA
CALDAS NOVAS,CALDAS NOVAS,1228,20,2017-08-30,2,GO,GO
PARAISO DO TOCANTINS,PARAISO DO TOCANTINS,1229,27,2017-08-31,1,TO,TO
,GONCALVES DIAS,1230,28,2017-08-31,1,,MA
TAQUARI,PORTO ALEGRE,1231,37,2017-08-31,2,RS,RS
BRASILIA,BRASILIA,1232,25,2017-08-31,1,DF,DF
WANDERLANDIA,ARAGUAINA,1233,,2017-09-01,1,TO,TO
CARAPICUIBA,SAO PAULO,1234,27,2017-09-01,1,SP,SP
,GOIANIA,1235,30,2017-09-01,2,GO,
CANOAS,PORTO ALEGRE,1236,32,2017-09-02,1,,RS
LIMOEIRO,LIMOEIRO,1237,29,2017-09-03,2,PE,PE
SAO PAULO,SAO PAULO,1238,23,2017-09-03,1,SP,SP
SAO PAULO,SAO PAULO,1239,36,,2,SP,SP
JUAZEIRO,JUAZEIRO,1240,36,2017-09-05,2,BA,BA
CAETE,CAETE,1241,20,2017-09-05,1,MG,MG
RIO DE JANEIRO,RIO DE JANEIRO,1242,20,2017-09-05,1,RJ,RJ
COTIA,COTIA,1243,33,2017-09-05,2,SP,SP
MEDIANEIRA,MEDIANEIRA,1244,36,2017-09-06,1,PR,PR
,SAO LUIS,1245,33,2017-09-07,1,MA,MA
SAO LOURENCO DA MATA,RECIFE,1246,27,2017-09-07,2,PE,PE
NOVA ODESSA,NOVA ODESSA,1247,23,2017-09-07,1,SP,SP
VIAMAO,ALVORADA,1248,41,2017-09-07,,,
NAZARE,NAZARE,1249,29,2017-09-08,2,BA,BA
GUANHAES,GUANHAES,1250,34,2017-09-10,1,MG,MG
PARACATU,PARACATU,1251,,2017-09-10,1,MG,MG
CAMPO BOM,NOVO HAMBURGO,1252,28,2017-09-10,1,RS,RS
MANAUS,MANAUS,1253,27,,2,AM,AM
ARAGUAINA,ARAGUAINA,1254,24,2017-09-11,2,TO,TO
,IMPERATRIZ,1255,21,2017-09-11,2,MA,MA
BONITO,CARUARU,1256,22,2017-09-11,2,PE,PE
MIRACEMA,MIRACEMA,1257,29,2017-09-11,1,RJ,RJ
ITUMBIARA,ITUMBIARA,1258,17,2017-09-11,1,GO,GO
VICOSA DO CEARA,VICOSA DO CEARA,1259,30,2017-09-12,1,CE,CE
,NATAL,1260,,,2,,RN
SAO PAULO,SAO PAULO,1261,30,2017-09-13,1,SP,SP
TAMARANA,LONDRINA,1262,40,2017-09-13,1,PR,PR
MANAUS,MANAUS,1263,28,2017-09-14,2,AM,AM
TAQUARANA,ARAPIRACA,1264,40,2017-09-14,,AL,AL
,,1265,21,2017-09-15,1,PA,PA
CAMPO GRANDE,CAMPO GRANDE,1266,28,2017-09-15,2,,MS
NATAL,NATAL,1267,19,2017-09-16,2,RN,RN
NOVA SERRANA,NOVA SERRANA,1268,19,2017-09-16,2,MG,MG
SAO PAULO,SAO PAULO,1269,,2017-09-16,1,SP,SP
,SAO PAULO,1270,24,2017-09-16,2,SP,SP
AURORA DO PARA,AURORA DO PARA,1271,21,2017-09-17,2,PA,PA
RECIFE,RECIFE,1272,22,2017-09-17,,,PE
MAGE,MAGE,1273,26,2017-09-17,2,RJ,RJ
ARIQUEMES,ARIQUEMES,1274,37,,1,RO,
ARARIPE,ARARIPE,1275,23,2017-09-19,1,CE,CE
JOAO PESSOA,JOAO PESSOA,1276,30,2017-09-19,1,PB,PB
ITAPERUNA,ITAPERUNA,1277,23,2017-09-19,1,RJ,RJ
FRANCA,FRANCA,1278,18,2017-09-19,2,SP,SP
BRASILIA,BRASILIA,1279,17,2017-09-19,1,DF,DF
PORTEL,PORTEL,1280,16,2017-09-20,1,PA,PA
ACOPIARA,IGUATU,1281,17,,2,CE,CE
FORTALEZA,FORTALEZA,1282,27,2017-09-21,1,CE,CE
BRASILIA,BRASILIA,1283,28,2017-09-21,2,DF,DF
BAIAO,BAIAO,1284,26,2017-09-22,1,PA,PA
,BELO HORIZONTE,1285,33,2017-09-22,2,MG,MG
CUIABA,CUIABA,1286,36,2017-09-22,2,MT,MT
GONCALVES DIAS,,1287,,2017-09-23,2,MA,
ARARUAMA,SAQUAREMA,1288,17,,,RJ,RJ
TABULEIRO DO NORTE,LIMOEIRO DO NORTE,1289,37,2017-09-26,2,CE,CE
,VITORIA DA CONQUISTA,1290,36,2017-09-26,1,,BA
SANTOS,SANTOS,1291,39,2017-09-26,1,SP,SP
PIRIPIRI,PIRIPIRI,1292,40,2017-09-27,2,PI,PI
BARRA DA ESTIVA,BARRA DA ESTIVA,1293,18,2017-09-27,1,BA,BA
RECIFE,RECIFE,1294,36,2017-09-28,1,PE,PE
,LONDRINA,1295,27,,2,PR,PR
QUIRINOPOLIS,QUIRINOPOLIS,1296,19,2017-09-28,2,GO,GO
PIANCO,PIANCO,1297,24,2017-09-29,1,PB,PB
RAUL SOARES,,1298,22,2017-09-29,2,MG,MG
MATO QUEIMADO,CAIBATE,1299,30,2017-09-29,2,RS,RS
MAUA,SAO PAULO,1300,41,2017-09-30,2,SP,SP
ITU,ITU,1301,19,2017-10-01,1,SP,SP
SANTA BARBARA D'OESTE,SANTA BARBARA D'OESTE,1302,21,,1,,SP
MANAUS,MANAUS,1303,29,2017-10-03,1,AM,AM
GARANHUNS,GARANHUNS,1304,20,2017-10-03,,PE,PE
,MONTES CLAROS,1305,,2017-10-03,1,MG,MG
SAO CARLOS,SAO CARLOS,1306,18,2017-10-03,1,SP,SP
SAO PAULO,SAO PAULO,1307,25,2017-10-03,2,SP,SP
BARRO PRETO,ITABUNA,1308,17,2017-10-04,2,,BA
MONTES CLAROS,,1309,29,,2,MG,MG
SAO LUIS,SAO LUIS,1310,33,2017-10-05,1,MA,MA
TAUBATE,PINDAMONHANGABA,1311,17,2017-10-05,2,SP,SP
VARZEA GRANDE,VARZEA GRANDE,1312,25,2017-10-05,,MT,MT
JOSE DE FREITAS,TERESINA,1313,20,2017-10-07,1,PI,PI
GUARULHOS,GUARULHOS,1314,,2017-10-08,1,,SP
,CORUMBA,1315,15,2017-10-08,1,MS,MS
SAO PAULO,SAO PAULO,1316,29,2017-10-09,1,SP,SP
CANUTAMA,CANUTAMA,1317,17,2017-10-10,1,AM,AM
JACAREI,JACAREI,1318,27,2017-10-10,1,SP,SP
OSASCO,SAO PAULO,1319,32,2017-10-11,1,SP,SP
,,1320,19,2017-10-12,,,AM
CAMACAN,CAMACAN,1321,19,2017-10-12,1,BA,BA
PORTO SEGURO,ITAMARAJU,1322,17,2017-10-12,2,BA,BA
SAO JOAO DO CARIRI,SERRA BRANCA,1323,,,2,PB,PB
REGISTRO,REGISTRO,1324,23,2017-10-13,2,SP,SP
BARRO ALTO,GOIANIA,1325,36,2017-10-13,2,GO,GO
SAO MIGUEL DO GUAMA,BELEM,1326,21,2017-10-14,2,,
MIRASSOL D'OESTE,CACERES,1327,23,2017-10-14,2,MT,MT
GOIANESIA,GOIANESIA,1328,27,2017-10-14,,GO,GO
FEIRA DE SANTANA,FEIRA DE SANTANA,1329,15,2017-10-15,1,BA,BA
VARGINHA,VARGINHA,1330,33,2017-10-16,2,MG,MG
MARICA,,1331,27,2017-10-16,1,RJ,RJ
CAMPINA GRANDE DO SUL,CAMPINA GRANDE DO SUL,1332,24,2017-10-16,1,PR,PR
MELEIRO,CRICIUMA,1333,26,2017-10-16,1,SC,SC
MUCURI,MUCURI,1334,21,2017-10-17,2,BA,BA
,SAO PAULO,1335,22,2017-10-17,1,SP,SP
SOUSA,SOUSA,1336,21,2017-10-19,1,PB,PB
GUARULHOS,GUARULHOS,1337,19,,1,SP,SP
ITABUNA,ITABUNA,1338,22,2017-10-20,2,BA,BA
SAO PAULO,SAO PAULO,1339,23,2017-10-20,1,SP,SP
GUAIBA,PORTO ALEGRE,1340,17,2017-10-21,1,RS,RS
MARABA,MARABA,1341,31,2017-10-22,2,PA,PA
LORENA,,1342,31,2017-10-22,1,SP,SP
CASTANHAL,CASTANHAL,1343,21,2017-10-23,1,PA,PA
SALTO DE PIRAPORA,SALTO DE PIRAPORA,1344,21,2017-10-23,2,SP,SP
GARRAFAO DO NORTE,CAPITAO POCO,1345,33,2017-10-25,2,PA,PA
CARAPICUIBA,CARAPICUIBA,1346,21,2017-10-25,2,SP,SP
GOIANIA,GOIANIA,1347,25,2017-10-25,1,GO,GO
SANTAREM,SANTAREM,1348,19,2017-10-26,1,PA,PA
SIRINHAEM,JABOATAO DOS GUARARAPES,1349,19,2017-10-26,2,PE,PE
SERRA,SERRA,1350,21,2017-10-26,1,ES,ES
TRINDADE,TRINDADE,1351,26,2017-10-26,1,GO,GO
FORTALEZA,FORTALEZA,1352,38,2017-10-27,2,CE,CE
CORURIPE,,1353,22,2017-10-27,1,AL,AL
BELEM,BELEM,1354,27,2017-10-28,2,PA,PA
VARZEA GRANDE,CUIABA,1355,25,2017-10-28,1,MT,MT
PAQUETA,PICOS,1356,26,2017-10-29,1,,PI
TACARATU,TACARATU,1357,29,2017-10-29,2,PE,PE
SAO MIGUEL DOS CAMPOS,SAO MIGUEL DOS CAMPOS,1358,35,,1,AL,AL
PARANAGUA,IRATI,1359,,2017-10-29,2,PR,PR
,PITANGA,1360,22,2017-10-29,,PR,PR
IRACEMAPOLIS,LIMEIRA,1361,24,2017-10-30,2,SP,SP
GOIANIA,GOIANIA,1362,39,2017-10-31,2,GO,GO
MANAUS,MANAUS,1363,23,2017-11-02,2,AM,AM
TERESOPOLIS,,1364,25,2017-11-02,1,RJ,RJ
,SAO JOAO DA BOA VISTA,1365,20,,1,SP,
RIO DE JANEIRO,RIO DE JANEIRO,1366,37,2017-11-03,2,RJ,RJ
RIO CLARO,RIO CLARO,1367,18,2017-11-03,1,SP,SP
PELOTAS,PELOTAS,1368,35,2017-11-03,2,RS,RS
BOA VISTA,BOA VISTA,1369,19,2017-11-04,2,RR,RR
PIANCO,PIANCO,1370,40,2017-11-04,2,PB,PB
RIO DE JANEIRO,RIO DE JANEIRO,1371,25,2017-11-05,1,RJ,RJ
PIRIPIRI,PIRIPIRI,1372,27,,1,PI,PI
ALAGOINHAS,ALAGOINHAS,1373,26,2017-11-07,1,BA,BA
JUIZ DE FORA,JUIZ DE FORA,1374,29,2017-11-07,1,MG,MG
,,1375,31,2017-11-07,1,SP,SP
MONTE MOR,CAMPINAS,1376,23,2017-11-07,,SP,SP
SANTA RITA,SAO LUIS,1377,39,2017-11-10,1,MA,MA
OSASCO,SAO PAULO,1378,29,2017-11-10,1,SP,SP
ENTRE-IJUIS,SANTO ANGELO,1379,34,2017-11-10,2,RS,RS
,BRASILIA,1380,25,2017-11-10,1,,DF
CACULE,CACULE,1381,36,2017-11-11,2,BA,BA
INHAMBUPE,INHAMBUPE,1382,19,2017-11-11,2,BA,BA
ITAPEVI,COTIA,1383,37,2017-11-11,1,SP,SP
OEIRAS,OEIRAS,1384,35,2017-11-12,,PI,PI
,OLINDA,1385,23,2017-11-12,2,PE,PE
IBIPORA,IBIPORA,1386,18,2017-11-12,1,PR,PR
CANINDE,CANINDE,1387,19,2017-11-13,1,CE,CE
MARACANAU,FORTALEZA,1388,20,2017-11-13,2,CE,CE
SANTO ANTONIO DO TAUA,SANTO ANTONIO DO TAUA,1389,27,2017-11-14,2,PA,PA
RIO DE JANEIRO,RIO DE JANEIRO,1390,23,2017-11-14,2,RJ,RJ
HORTOLANDIA,CAMPINAS,1391,24,2017-11-14,1,SP,SP
SAO PAULO,SAO PAULO,1392,38,2017-11-14,2,SP,SP
GRAJAU,GRAJAU,1393,15,,1,MA,MA
JOSE DE FREITAS,JOSE DE FREITAS,1394,35,2017-11-15,1,PI,PI
FORTALEZA,CAUCAIA,1395,19,2017-11-15,1,CE,CE
POCOES,VITORIA DA CONQUISTA,1396,33,2017-11-15,2,BA,BA
SAO PAULO,SAO PAULO,1397,21,2017-11-15,2,SP,SP
APARECIDA DE GOIANIA,GOIANIA,1398,24,2017-11-15,2,,GO
RIBEIRAO DAS NEVES,BELO HORIZONTE,1399,26,2017-11-16,2,MG,MG
,FRANCA,1400,33,,,SP,SP
SANTA HELENA DE GOIAS,SANTA HELENA DE GOIAS,1401,34,2017-11-16,1,GO,GO
ITACOATIARA,ITACOATIARA,1402,26,2017-11-17,2,AM,AM
MAUA,MAUA,1403,23,2017-11-17,1,SP,SP
ALUMINIO,SAO ROQUE,1404,17,2017-11-17,2,SP,SP
,CURITIBA,1405,21,2017-11-17,2,PR,PR
GOVERNADOR VALADARES,GOVERNADOR VALADARES,1406,25,2017-11-18,2,MG,MG
ITAPERUNA,ITAPERUNA,1407,40,2017-11-18,2,RJ,RJ
SAO PAULO,,1408,39,2017-11-18,,SP,SP
SENADOR GUIOMARD,RIO BRANCO,1409,41,2017-11-19,1,AC,AC
,BONINAL,1410,39,2017-11-19,1,,BA
NAZARENO,NAZARENO,1411,25,2017-11-20,1,MG,MG
COLATINA,COLATINA,1412,35,2017-11-20,2,ES,ES
ANGRA DOS REIS,ANGRA DOS REIS,1413,,2017-11-20,1,RJ,RJ
VOTUPORANGA,VOTUPORANGA,1414,22,2017-11-20,1,SP,SP
PONTA GROSSA,PONTA GROSSA,1415,26,2017-11-20,1,PR,PR
ANICUNS,ANICUNS,1416,23,2017-11-20,,,GO
SAO SEBASTIAO,CARAGUATATUBA,1417,20,2017-11-21,2,SP,
PACO DO LUMIAR,SAO LUIS,1418,28,2017-11-22,2,MA,MA
ILHEUS,ILHEUS,1419,38,2017-11-23,1,BA,BA
,AMPARO,1420,31,2017-11-23,2,SP,SP
GUAJARA-MIRIM,PORTO VELHO,1421,18,,2,RO,RO
NOSSA SENHORA DO SOCORRO,ARACAJU,1422,,2017-11-24,1,,SE
SANTA CLARA DO SUL,LAJEADO,1423,30,2017-11-24,2,RS,RS
PORTO VELHO,PORTO VELHO,1424,30,2017-11-25,,RO,RO
,CARAPICUIBA,1425,25,2017-11-25,1,SP,SP
CANOAS,PORTO ALEGRE,1426,34,2017-11-25,1,RS,RS
CAMPO GRANDE,CAMPO GRANDE,1427,23,2017-11-25,1,MS,MS
JUIZ DE FORA,JUIZ DE FORA,1428,22,2017-11-26,2,MG,MG
PORTO VELHO,PORTO VELHO,1429,22,2017-11-28,1,RO,RO
NOVO GAMA,BRASILIA,1430,30,2017-11-28,1,GO,DF
BELEM,BELEM,1431,33,2017-12-01,1,PA,PA
SAO PAULO,SAO PAULO,1432,22,2017-12-01,2,SP,SP
SANTANA DE PARNAIBA,ITAPEVI,1433,18,2017-12-02,2,SP,SP
ITABIRITO,ITABIRITO,1434,28,2017-12-03,2,,MG
BELEM,BELEM,1435,41,2017-12-04,1,PA,PA
JUAZEIRO DO NORTE,JUAZEIRO DO NORTE,1436,44,2017-12-04,1,CE,CE
RIBEIRAO PRETO,RIBEIRAO PRETO,1437,35,2017-12-04,1,SP,SP
BLUMENAU,BLUMENAU,1438,31,2017-12-04,2,SC,SC
SAO PAULO,SAO PAULO,1439,29,2017-12-05,2,SP,SP
,RIO DE JANEIRO,1440,,2017-12-06,,,RJ
CAMPO GRANDE,CAMPO GRANDE,1441,19,2017-12-06,1,MS,MS
GOVERNADOR VALADARES,GOVERNADOR VALADARES,1442,20,2017-12-07,2,MG,MG
PETROPOLIS,PETROPOLIS,1443,37,2017-12-07,1,RJ,
MATINHA,MATINHA,1444,24,2017-12-09,1,MA,MA
FEIRA DE SANTANA,FEIRA DE SANTANA,1445,28,2017-12-09,1,BA,BA
RIBEIRAO PIRES,MAUA,1446,32,2017-12-09,2,,SP
CURRAIS NOVOS,CURRAIS NOVOS,1447,24,2017-12-10,2,RN,RN
ITABUNA,ITABUNA,1448,22,2017-12-10,2,BA,BA
CABEDELO,CABEDELO,1449,22,2017-12-11,2,PB,PB
,RECIFE,1450,38,2017-12-11,2,PE,PE
SANTO AMARO,SALVADOR,1451,25,2017-12-11,1,BA,BA
RIO CLARO,ATIBAIA,1452,35,2017-12-11,1,SP,SP
PETROPOLIS,PETROPOLIS,1453,20,2017-12-12,1,RJ,RJ
INDAIAL,INDAIAL,1454,37,2017-12-12,1,SC,SC
,BELO HORIZONTE,1455,37,2017-12-13,2,MG,MG
IUIU,GUANAMBI,1456,15,,,BA,
RIO DE JANEIRO,SAO GONCALO,1457,24,2017-12-14,2,RJ,RJ
SAO PAULO,SAO PAULO,1458,,2017-12-14,1,,SP
LARANJEIRAS DO SUL,LARANJEIRAS DO SUL,1459,30,2017-12-14,1,PR,PR
,CUIABA,1460,39,2017-12-14,1,MT,MT
SAO PAULO,SAO PAULO,1461,21,2017-12-15,1,SP,SP
RIO DE JANEIRO,RIO DE JANEIRO,1462,19,2017-12-16,1,RJ,RJ
CURUA,ALENQUER,1463,22,2017-12-19,2,PA,PA
IMPERATRIZ,IMPERATRIZ,1464,26,2017-12-19,,,MA
MARACANAU,MARACANAU,1465,25,2017-12-19,1,CE,CE
CRISOPOLIS,CRISOPOLIS,1466,18,2017-12-19,1,BA,BA
RIO DE JANEIRO,RIO DE JANEIRO,1467,18,2017-12-19,2,RJ,RJ
FLORIANO,FLORIANO,1468,29,2017-12-20,2,PI,PI
PIRAPORA,MONTES CLAROS,1469,40,2017-12-20,1,MG,MG
,UBERLANDIA,1470,32,,2,,MG
RIO DE JANEIRO,RIO DE JANEIRO,1471,29,2017-12-20,2,RJ,RJ
ITAQUIRAI,ITAQUIRAI,1472,24,2017-12-20,,MS,MS
SANTA BARBARA DO PARA,ANANINDEUA,1473,21,2017-12-21,1,PA,PA
SAO DESIDERIO,,1474,23,2017-12-21,2,BA,BA
,SERTAOZINHO,1475,27,2017-12-21,2,SP,SP
MANAUS,MANAUS,1476,39,2017-12-22,2,AM,AM
SANTA BARBARA D'OESTE,SANTA BARBARA D'OESTE,1477,32,2017-12-22,2,SP,SP
TOME-ACU,TOME-ACU,1478,23,2017-12-24,1,PA,PA
GUARAPARI,GUARAPARI,1479,23,2017-12-25,2,ES,ES
RIO DE JANEIRO,RIO DE JANEIRO,1480,30,2017-12-25,1,RJ,RJ
ANANINDEUA,ANANINDEUA,1481,22,2017-12-26,2,PA,PA
SAO PAULO,CAMPINAS,1482,24,2017-12-26,2,,
SAO JOSE DO RIO PRETO,SAO JOSE DO RIO PRETO,1483,21,2017-12-26,1,SP,SP
FRECHEIRINHA,SOBRAL,1484,32,,1,CE,CE
PORTO SEGURO,PORTO SEGURO,1485,41,2017-12-27,2,BA,BA
VARJAO DE MINAS,PATOS DE MINAS,1486,27,2017-12-27,2,MG,MG
FAZENDA RIO GRANDE,COLOMBO,1487,34,2017-12-27,1,PR,PR
GUARAMIRIM,JARAGUA DO SUL,1488,31,2017-12-27,,,SC
SIDROLANDIA,CAMPO GRANDE,1489,30,2017-12-27,1,MS,MS
MANAUS,MANAUS,1490,39,2017-12-28,1,AM,AM
SANTA HELENA,SANTA HELENA,1491,18,2017-12-28,1,MA,MA
ITAPEVI,BARUERI,1492,33,2017-12-28,1,SP,SP
JARAGUA DO SUL,JARAGUA DO SUL,1493,33,2017-12-28,2,SC,SC
BARRA DE SANTANA,CAMPINA GRANDE,1494,,2017-12-29,2,,PB
ALAGOINHAS,ALAGOINHAS,1495,18,2017-12-29,1,BA,BA
TAILANDIA,,1496,18,2017-12-30,,PA,PA
ITABORAI,ITABORAI,1497,19,2017-12-30,2,RJ,RJ
ASSIS,BAURU,1498,26,,2,SP,SP
SAO PAULO,CAIEIRAS,1499,25,2017-12-30,2,SP,SP
,SAO CARLOS,1500,32,2017-12-30,2,,SP
